"conflict_id","dyad_id","location_inc","side_a","side_a_id","side_a_2nd","side_b","side_b_id","side_b_2nd","incompatibility","territory_name","year","bd_best","bd_low","bd_high","type_of_conflict","battle_location","gwno_a","gwno_a_2nd","gwno_b","gwno_b_2nd","gwno_loc","gwno_battle","region","version","u_ucdp_conflict_year_conflict_id","u_ucdp_conflict_year_year"
13324,"14236","Tajikistan, Kyrgyzstan","Government of Kyrgyzstan","132","","Government of Tajikistan","131","",1,"Common Border",2021,56,56,56,2,"Tajikistan, Kyrgyzstan","703","","702","","702, 703","702, 703","3","23,1",13324,2021
13324,"14236","Tajikistan, Kyrgyzstan","Government of Kyrgyzstan","132","","Government of Tajikistan","131","",1,"Common Border",2022,152,152,158,2,"Tajikistan, Kyrgyzstan","703","","702","","702, 703","702, 703","3","23,1",13324,2022
13840,"14953","Burkina Faso","Government of Burkina Faso","78","Government of France","IS","234","",1,"Islamic State",2019,78,73,137,4,"Burkina Faso","439","220","","","439","439","4","23,1",13840,2019
13840,"14953","Burkina Faso","Government of Burkina Faso","78","Government of France","IS","234","",1,"Islamic State",2020,160,131,182,4,"Burkina Faso","439","220","","","439","439","4","23,1",13840,2020
13840,"14953","Burkina Faso","Government of Burkina Faso","78","Government of Mali, Government of Niger, Government of France, Government of Chad","IS","234","",1,"Islamic State",2021,170,152,176,4,"Burkina Faso","439","432, 436, 483, 220","","","439","439","4","23,1",13840,2021
13840,"14953","Burkina Faso","Government of Burkina Faso","78","Government of Niger, Government of France","IS","234","",1,"Islamic State",2022,404,254,422,4,"Burkina Faso","439","436, 220","","","439","439","4","23,1",13840,2022
13886,"14741","Jordan","Government of Jordan","120","","IS","234","",1,"Islamic State",2016,34,34,35,3,"Jordan, Syria","663","","","","663","663, 652","2","23,1",13886,2016
13902,"14701","Turkey","Government of Turkey","115","","IS","234","",1,"Islamic State",2016,1107,1102,1107,3,"Syria, Iraq, Turkey","640","","","","640","652, 640, 645","2","23,1",13902,2016
13902,"14701","Turkey","Government of Turkey","115","","IS","234","",1,"Islamic State",2017,750,683,902,3,"Syria, Turkey","640","","","","640","652, 640","2","23,1",13902,2017
13902,"14701","Turkey","Government of Turkey","115","","IS","234","",1,"Islamic State",2015,26,26,27,3,"Syria, Turkey","640","","","","640","652, 640","2","23,1",13902,2015
11342,"11971","India","Government of India","141","","GNLA","1163","",1,"Garoland",2012,27,23,27,3,"India","750","","","","750","750","3","23,1",11342,2012
11342,"11971","India","Government of India","141","","GNLA","1163","",1,"Garoland",2014,26,23,32,3,"India","750","","","","750","750","3","23,1",11342,2014
11344,"11977","Sudan","Government of Sudan","112","","Republic of South Sudan","1129","",1,"Abyei",2011,145,145,145,3,"Sudan","625","","","","625","625","4","23,1",11344,2011
11345,"12413","South Sudan","Government of South Sudan","113","","SPLM/A - IO","4226","",2,"",2016,735,734,1155,3,"South Sudan","626","","","","626","626","4","23,1",11345,2016
11345,"12413","South Sudan","Government of South Sudan","113","","SPLM/A - IO","4226","",2,"",2017,484,478,684,3,"South Sudan, Uganda","626","","","","626","500, 626","4","23,1",11345,2017
11345,"12413","South Sudan","Government of South Sudan","113","","SPLM/A - IO","4226","",2,"",2018,526,497,727,3,"South Sudan","626","","","","626","626","4","23,1",11345,2018
11345,"15195","South Sudan","Government of South Sudan","113","","NAS","6794","",2,"",2019,110,102,188,3,"South Sudan","626","","","","626","626","4","23,1",11345,2019
11345,"15195","South Sudan","Government of South Sudan","113","","NAS","6794","",2,"",2020,58,49,135,3,"South Sudan","626","","","","626","626","4","23,1",11345,2020
11345,"15195, 17033","South Sudan","Government of South Sudan","113","","SPLM/A - IO - Kitgwang, NAS","8201, 6794","",2,"",2021,188,188,209,3,"South Sudan","626","","","","626","626","4","23,1",11345,2021
11345,"11979, 11978","South Sudan","Government of South Sudan","113","","SSLM/A, SSDM/A","1124, 1108","",2,"",2011,216,216,326,3,"South Sudan","626","","","","626","626","4","23,1",11345,2011
11345,"11979","South Sudan","Government of South Sudan","113","","SSLM/A","1124","",2,"",2012,137,137,137,3,"South Sudan","626","","","","626","626","4","23,1",11345,2012
11345,"11805, 12413","South Sudan","Government of South Sudan","113","","SPLM/A - IO, SSDM/A - Cobra Faction","3563, 4226","",2,"",2013,926,926,2318,3,"South Sudan","626","","","","626","626","4","23,1",11345,2013
11345,"12413","South Sudan","Government of South Sudan","113","Government of Uganda","SPLM/A - IO","4226","",2,"",2014,1667,719,2993,4,"South Sudan","626","500","","","626","626","4","23,1",11345,2014
11345,"12413","South Sudan","Government of South Sudan","113","Government of Uganda","SPLM/A - IO","4226","",2,"",2015,493,492,522,4,"South Sudan","626","500","","","626","626","4","23,1",11345,2015
11346,"15225, 15333, 14059","Libya","Government of Libya","111","","Forces of Khalifa al-Ghawil, PFLL, Forces of the House of Representatives","6814, 5802, 6893","",2,"",2017,308,308,337,3,"Libya","620","","","","620","620","4","23,1",11346,2017
11346,"14059","Libya","Government of Libya","111","","Forces of the House of Representatives","5802","Government of United Arab Emirates, Government of Sudan",2,"",2019,1588,1381,1664,4,"Libya","620","","","696, 625","620","620","4","23,1",11346,2019
11346,"14059","Libya","Government of Libya","111","Government of Turkey","Forces of the House of Representatives","5802","",2,"",2020,668,564,784,4,"Libya","620","640","","","620","620","4","23,1",11346,2020
11346,"11980, 10885","Libya","Government of Libya","111","Government of Zimbabwe (Rhodesia)","NTC, Forces of Muammar Gaddafi","1127, 1126","",2,"",2011,3762,3722,6285,4,"Libya","620","552","","","620","620","4","23,1",11346,2011
11346,"15539","Libya","Government of Libya","111","","ASL","7046","",2,"",2013,31,17,61,3,"Libya","620","","","","620","620","4","23,1",11346,2013
11346,"14249, 14059","Libya","Government of Libya","111","","Zintan Military Council, Forces of the House of Representatives","5802, 5940","",2,"",2014,274,274,274,3,"Libya","620","","","","620","620","4","23,1",11346,2014
11346,"14059","Libya","Government of Libya","111","","Forces of the House of Representatives","5802","",2,"",2015,156,156,190,3,"Libya","620","","","","620","620","4","23,1",11346,2015
11347,"12575, 11986","Mali","Government of Mali","72","Government of Germany, Government of Ghana, Government of Senegal, Government of Guinea-Bissau, Government of Jordan, Government of Indonesia, Government of Portugal, Government of El Salvador, Government of Italy, Government of Netherlands, Government of Egypt, Government of Benin, Government of Ivory Coast, Government of France, Government of Finland, Government of Belgium, Government of Tunisia, Government of Cambodia (Kampuchea), Government of Burundi, Government of Togo, Government of Romania, Government of Austria, Government of Madagascar, Government of Niger, Government of China, Government of Denmark, Government of Bangladesh, Government of Mauritania, Government of Nepal, Government of Armenia, Government of Nigeria, Government of Cameroon, Government of Congo, Government of Liberia, Government of Ethiopia, Government of Chad, Government of United States of America, Government of Guinea, Government of Bhutan, Government of Burkina Faso, Government of Hungary, Government of Lithuania, Government of Sweden, Government of Estonia, Government of Switzerland, Government of Gambia, Government of Kenya, Government of Norway, Government of Czech Republic, Government of Yemen (North Yemen), Government of Turkey, Government of Sierra Leone, Government of United Kingdom","AQIM, Ansar Dine","1157, 539","",2,"",2016,96,96,111,4,"Mali","432","501, 92, 439, 516, 451, 530, 316, 760, 375, 420, 461, 678, 475, 811, 771, 390, 368, 225, 484, 438, 640, 325, 366, 471, 580, 404, 433, 710, 663, 452, 437, 651, 435, 310, 616, 305, 371, 385, 434, 436, 790, 211, 483, 200, 380, 2, 235, 450, 360, 210, 220, 260, 850","","","432","432","4","23,1",11347,2016
11347,"12575, 15108","Mali","Government of Mali","72","Government of Germany, Government of Ghana, Government of Senegal, Government of Guinea-Bissau, Government of Jordan, Government of Indonesia, Government of Portugal, Government of El Salvador, Government of Italy, Government of Netherlands, Government of Egypt, Government of Benin, Government of Ivory Coast, Government of France, Government of Finland, Government of Belgium, Government of Tunisia, Government of Cambodia (Kampuchea), Government of Burundi, Government of Togo, Government of Romania, Government of Austria, Government of Sri Lanka, Government of Niger, Government of China, Government of Denmark, Government of Bangladesh, Government of Mauritania, Government of Nepal, Government of Armenia, Government of Nigeria, Government of Cameroon, Government of Liberia, Government of Ethiopia, Government of Bosnia-Herzegovina, Government of Chad, Government of United States of America, Government of Guinea, Government of Bhutan, Government of Burkina Faso, Government of Hungary, Government of Lithuania, Government of Sweden, Government of Estonia, Government of Switzerland, Government of Gambia, Government of Kenya, Government of Norway, Government of Czech Republic, Government of Yemen (North Yemen), Government of Sierra Leone, Government of Latvia, Government of United Kingdom","AQIM, JNIM","6716, 539","",2,"",2017,312,303,414,4,"Mali","432","501, 92, 439, 516, 367, 451, 530, 316, 760, 375, 420, 461, 678, 475, 811, 771, 390, 368, 225, 438, 325, 366, 471, 404, 433, 710, 663, 452, 437, 651, 435, 310, 616, 305, 371, 385, 434, 436, 790, 211, 260, 483, 200, 780, 380, 2, 235, 450, 360, 210, 220, 346, 850","","","432","432","4","23,1",11347,2017
11347,"15108","Mali","Government of Mali","72","Government of Germany, Government of Ghana, Government of Mexico, Government of Senegal, Government of Jordan, Government of Indonesia, Government of Portugal, Government of El Salvador, Government of Italy, Government of Netherlands, Government of Egypt, Government of Benin, Government of Ivory Coast, Government of France, Government of Finland, Government of Belgium, Government of Tunisia, Government of Cambodia (Kampuchea), Government of Burundi, Government of Togo, Government of Romania, Government of Austria, Government of Sri Lanka, Government of Madagascar, Government of New Zealand, Government of Niger, Government of Guatemala, Government of China, Government of Denmark, Government of Bangladesh, Government of Mauritania, Government of Nepal, Government of Armenia, Government of Nigeria, Government of Cameroon, Government of Liberia, Government of Ethiopia, Government of Bosnia-Herzegovina, Government of Chad, Government of United States of America, Government of Canada, Government of Guinea, Government of Bhutan, Government of Burkina Faso, Government of Hungary, Government of Lithuania, Government of Spain, Government of Sweden, Government of Estonia, Government of Switzerland, Government of Gambia, Government of Kenya, Government of Norway, Government of Czech Republic, Government of Pakistan, Government of Turkey, Government of Sierra Leone, Government of Latvia, Government of United Kingdom","JNIM","6716","",2,"",2018,402,375,435,4,"Mali","432","501, 92, 920, 439, 516, 367, 451, 530, 20, 316, 760, 375, 420, 461, 475, 811, 771, 390, 368, 225, 438, 640, 325, 230, 366, 471, 580, 433, 710, 663, 452, 437, 651, 435, 310, 616, 305, 371, 385, 434, 436, 770, 790, 211, 260, 483, 90, 200, 780, 380, 2, 235, 450, 360, 210, 220, 70, 346, 850","","","432","432","4","23,1",11347,2018
11347,"15108","Mali","Government of Mali","72","Government of Germany, Government of Ghana, Government of Mexico, Government of Senegal, Government of Jordan, Government of Indonesia, Government of Portugal, Government of El Salvador, Government of Italy, Government of Netherlands, Government of Egypt, Government of Benin, Government of Ivory Coast, Government of France, Government of Finland, Government of Belgium, Government of Tunisia, Government of Cambodia (Kampuchea), Government of Burundi, Government of Togo, Government of Romania, Government of Austria, Government of Sri Lanka, Government of Madagascar, Government of Niger, Government of Guatemala, Government of China, Government of Denmark, Government of Bangladesh, Government of Mauritania, Government of Nepal, Government of Armenia, Government of Nigeria, Government of Cameroon, Government of Liberia, Government of Ethiopia, Government of Bosnia-Herzegovina, Government of Chad, Government of United States of America, Government of Canada, Government of Guinea, Government of Bhutan, Government of Burkina Faso, Government of Ireland, Government of Lithuania, Government of Spain, Government of Sweden, Government of Ukraine, Government of Estonia, Government of Switzerland, Government of Gambia, Government of Kenya, Government of Norway, Government of Czech Republic, Government of Pakistan, Government of Turkey, Government of Sierra Leone, Government of Latvia, Government of United Kingdom","JNIM","6716","",2,"",2019,422,421,566,4,"Mali","432","369, 205, 501, 92, 439, 516, 367, 451, 530, 20, 316, 760, 375, 420, 461, 475, 811, 771, 390, 368, 225, 438, 640, 325, 230, 366, 471, 580, 433, 710, 663, 452, 437, 651, 435, 616, 305, 371, 385, 434, 436, 770, 790, 211, 260, 483, 90, 200, 780, 380, 2, 235, 450, 360, 210, 220, 70, 346, 850","","","432","432","4","23,1",11347,2019
11347,"15108","Mali","Government of Mali","72","Government of Germany, Government of Ghana, Government of Mexico, Government of Iran, Government of Senegal, Government of Jordan, Government of Indonesia, Government of Portugal, Government of El Salvador, Government of Italy, Government of Netherlands, Government of Zambia, Government of Egypt, Government of Benin, Government of Ivory Coast, Government of Australia, Government of Finland, Government of France, Government of Belgium, Government of Tunisia, Government of Cambodia (Kampuchea), Government of Burundi, Government of Togo, Government of Romania, Government of Austria, Government of Sri Lanka, Government of Madagascar, Government of Niger, Government of Guatemala, Government of China, Government of Denmark, Government of Bangladesh, Government of Mauritania, Government of Nepal, Government of Armenia, Government of Nigeria, Government of Cameroon, Government of Liberia, Government of Ethiopia, Government of Bosnia-Herzegovina, Government of Chad, Government of United States of America, Government of Canada, Government of Guinea, Government of Bhutan, Government of Burkina Faso, Government of Ireland, Government of Lithuania, Government of Spain, Government of Sweden, Government of Ukraine, Government of Estonia, Government of Switzerland, Government of Gambia, Government of Kenya, Government of Norway, Government of Czech Republic, Government of Pakistan, Government of Sierra Leone, Government of Latvia, Government of United Kingdom","JNIM","6716","",2,"",2020,517,498,650,4,"Mali","432","369, 205, 501, 92, 439, 516, 367, 451, 530, 20, 316, 760, 375, 420, 461, 475, 811, 771, 390, 368, 225, 438, 325, 230, 471, 366, 580, 433, 710, 663, 452, 437, 651, 435, 616, 305, 371, 385, 434, 436, 770, 790, 900, 551, 211, 260, 483, 90, 200, 780, 630, 380, 2, 235, 450, 360, 210, 220, 70, 346, 850","","","432","432","4","23,1",11347,2020
11347,"15108","Mali","Government of Mali","72","Government of Germany, Government of Ghana, Government of Mexico, Government of Iran, Government of Senegal, Government of Jordan, Government of Indonesia, Government of Portugal, Government of El Salvador, Government of Italy, Government of Netherlands, Government of Zambia, Government of Egypt, Government of Benin, Government of Ivory Coast, Government of Australia, Government of Finland, Government of France, Government of Belgium, Government of Tunisia, Government of Cambodia (Kampuchea), Government of Burundi, Government of Togo, Government of Romania, Government of Austria, Government of Sri Lanka, Government of Niger, Government of Guatemala, Government of China, Government of Denmark, Government of Bangladesh, Government of Mauritania, Government of Nepal, Government of Armenia, Government of Greece, Government of Nigeria, Government of Cameroon, Government of Liberia, Government of Ethiopia, Government of Bosnia-Herzegovina, Government of Chad, Government of United States of America, Government of Canada, Government of Guinea, Government of Luxembourg, Government of Bhutan, Government of Burkina Faso, Government of Ireland, Government of Lithuania, Government of Spain, Government of Sweden, Government of Ukraine, Government of Estonia, Government of Switzerland, Government of Gambia, Government of Kenya, Government of Norway, Government of Czech Republic, Government of Pakistan, Government of Turkey, Government of Sierra Leone, Government of Latvia, Government of United Kingdom","JNIM","6716","",2,"",2021,616,578,660,4,"Mali","432","369, 205, 501, 92, 439, 516, 367, 451, 530, 20, 316, 760, 375, 420, 461, 475, 811, 771, 390, 368, 225, 438, 640, 212, 325, 230, 471, 366, 433, 710, 663, 452, 437, 651, 435, 616, 305, 371, 385, 434, 436, 770, 790, 900, 551, 211, 260, 483, 90, 200, 350, 780, 630, 380, 2, 235, 450, 360, 210, 220, 70, 346, 850","","","432","432","4","23,1",11347,2021
11347,"15108","Mali","Government of Mali","72","Government of Germany, Government of Ghana, Government of Mexico, Government of Iran, Government of Senegal, Government of Jordan, Government of Indonesia, Government of Portugal, Government of El Salvador, Government of Italy, Government of Netherlands, Government of Egypt, Government of Benin, Government of Ivory Coast, Government of Australia, Government of Finland, Government of France, Government of Belgium, Government of Tunisia, Government of Cambodia (Kampuchea), Government of Burundi, Government of Togo, Government of Romania, Government of Austria, Government of Sri Lanka, Government of Niger, Government of Guatemala, Government of China, Government of Denmark, Government of Bangladesh, Government of Mauritania, Government of Nepal, Government of Nigeria, Government of Cameroon, Government of Liberia, Government of Chad, Government of United States of America, Government of Canada, Government of Guinea, Government of Luxembourg, Government of Bhutan, Government of Burkina Faso, Government of Lithuania, Government of Spain, Government of Sweden, Government of Estonia, Government of Switzerland, Government of Gambia, Government of Kenya, Government of Norway, Government of Czech Republic, Government of Pakistan, Government of Turkey, Government of Sierra Leone, Government of Latvia, Government of United Kingdom","JNIM","6716","",2,"",2022,1113,1095,1246,4,"Mali, Burkina Faso","432","501, 92, 439, 516, 367, 451, 20, 316, 760, 375, 420, 461, 475, 811, 771, 390, 368, 225, 438, 640, 212, 325, 230, 366, 471, 433, 710, 663, 452, 437, 651, 435, 616, 305, 385, 434, 436, 770, 790, 900, 211, 90, 483, 200, 780, 630, 380, 2, 235, 450, 360, 210, 220, 70, 260, 850","","","432","432, 439","4","23,1",11347,2022
11347,"12575","Mali","Government of Mali","72","","AQIM","539","",2,"",2009,87,54,93,3,"Mali","432","","","","432","432","4","23,1",11347,2009
11347,"11986, 11987","Mali","Government of Mali","72","","Military faction (Red Berets), Ansar Dine","1157, 1164","",2,"",2012,87,83,270,3,"Mali","432","","","","432","432","4","23,1",11347,2012
11347,"12575, 11986, 12578, 12571","Mali","Government of Mali","72","Government of Germany, Government of Ghana, Government of Senegal, Government of Guinea-Bissau, Government of Jordan, Government of Italy, Government of Egypt, Government of Benin, Government of Ivory Coast, Government of France, Government of Finland, Government of Belgium, Government of Cambodia (Kampuchea), Government of Burundi, Government of Togo, Government of Niger, Government of China, Government of Bangladesh, Government of Mauritania, Government of Nepal, Government of Nigeria, Government of Rwanda, Government of Liberia, Government of Chad, Government of United States of America, Government of Guinea, Government of Burkina Faso, Government of Sweden, Government of Tajikistan, Government of Estonia, Government of Norway, Government of Yemen (North Yemen), Government of Sierra Leone, Government of United Kingdom","AQIM, Signed-in-Blood Battalion, Ansar Dine, MUJAO","1161, 3481, 1157, 539","",2,"",2013,836,836,1004,4,"Mali, Niger","432","439, 516, 451, 375, 678, 461, 475, 811, 771, 438, 325, 366, 404, 433, 710, 663, 452, 702, 437, 651, 435, 385, 434, 436, 517, 790, 211, 483, 200, 380, 2, 450, 220, 260","","","432","432, 436","4","23,1",11347,2013
11347,"12575, 12582","Mali","Government of Mali","72","Government of Germany, Government of Ghana, Government of Senegal, Government of Guinea-Bissau, Government of Jordan, Government of Italy, Government of Egypt, Government of Benin, Government of Ivory Coast, Government of France, Government of Finland, Government of Belgium, Government of Cambodia (Kampuchea), Government of Burundi, Government of Togo, Government of Niger, Government of China, Government of Bangladesh, Government of Mauritania, Government of Nepal, Government of Nigeria, Government of Rwanda, Government of Liberia, Government of Chad, Government of United States of America, Government of Guinea, Government of Burkina Faso, Government of Sweden, Government of Tajikistan, Government of Estonia, Government of Norway, Government of Sierra Leone, Government of United Kingdom","AQIM, al-Murabitun","4376, 539","",2,"",2014,95,95,129,4,"Mali","432","439, 516, 451, 375, 461, 475, 811, 771, 438, 325, 366, 404, 433, 710, 663, 452, 702, 437, 651, 435, 385, 434, 436, 517, 790, 211, 483, 200, 380, 2, 450, 220, 260","","","432","432","4","23,1",11347,2014
11347,"12575, 11986","Mali","Government of Mali","72","Government of Djibouti, Government of Germany, Government of Ghana, Government of Senegal, Government of Guinea-Bissau, Government of Jordan, Government of Indonesia, Government of Portugal, Government of El Salvador, Government of Italy, Government of Netherlands, Government of Egypt, Government of Benin, Government of Ivory Coast, Government of France, Government of Finland, Government of Belgium, Government of Tunisia, Government of Cambodia (Kampuchea), Government of Burundi, Government of Togo, Government of Romania, Government of Austria, Government of Madagascar, Government of DR Congo (Zaire), Government of Niger, Government of China, Government of Denmark, Government of Bangladesh, Government of Mauritania, Government of Nepal, Government of Armenia, Government of Nigeria, Government of Rwanda, Government of Cameroon, Government of Liberia, Government of Bosnia-Herzegovina, Government of Chad, Government of United States of America, Government of Guinea, Government of Bhutan, Government of Burkina Faso, Government of Sweden, Government of Estonia, Government of Switzerland, Government of Gambia, Government of Kenya, Government of Norway, Government of Czech Republic, Government of Yemen (North Yemen), Government of Turkey, Government of Sierra Leone, Government of Latvia, Government of United Kingdom","AQIM, Ansar Dine","1157, 539","",2,"",2015,74,72,109,4,"Mali","432","501, 92, 490, 439, 516, 367, 451, 316, 760, 375, 420, 461, 678, 475, 811, 771, 390, 225, 438, 640, 325, 471, 366, 580, 404, 433, 710, 663, 452, 437, 651, 435, 616, 522, 305, 371, 385, 434, 436, 517, 790, 211, 260, 483, 200, 380, 2, 235, 450, 360, 210, 220, 346, 850","","","432","432","4","23,1",11347,2015
11348,"11989","South Sudan, Sudan","Government of South Sudan","113","","Government of Sudan","112","",1,"Common border",2012,367,367,1099,2,"South Sudan, Sudan","626","","625","","626, 625","626, 625","4","23,1",11348,2012
11349,"11990","China","Government of China","135","","ETIM","1156","",1,"East Turkestan",2008,36,36,39,3,"China","710","","","","710","710","3","23,1",11349,2008
11350,"10985, 11991","Bangladesh","Government of Bangladesh","143","","PBCP-J, PBCP","805, 1165","",2,"",2005,62,61,68,3,"Bangladesh","771","","","","771","771","3","23,1",11350,2005
11350,"11991","Bangladesh","Government of Bangladesh","143","","PBCP-J","1165","",2,"",2006,57,57,58,3,"Bangladesh","771","","","","771","771","3","23,1",11350,2006
14935,"16023","Ethiopia","Government of Ethiopia","97","","Military faction (forces of Asaminew Tsige)","7438","",1,"Amhara",2019,27,27,27,3,"Ethiopia","530","","","","530","530","4","23,1",14935,2019
426,"891","Israel","Government of Israel","121","","Hezbollah","366","",1,"Southern Lebanon",1990,42,42,45,3,"Lebanon","666","","","","666","660","2","23,1",426,1990
426,"891","Israel","Government of Israel","121","","Hezbollah","366","",1,"Southern Lebanon",1991,28,28,31,3,"Lebanon","666","","","","666","660","2","23,1",426,1991
426,"891","Israel","Government of Israel","121","","Hezbollah","366","",1,"Southern Lebanon",1992,87,87,120,3,"Lebanon, Argentina, Israel","666","","","","666","666, 660, 160","2","23,1",426,1992
426,"891","Israel","Government of Israel","121","","Hezbollah","366","",1,"Southern Lebanon",1993,124,124,186,3,"Lebanon, Israel","666","","","","666","666, 660","2","23,1",426,1993
426,"891","Israel","Government of Israel","121","","Hezbollah","366","",1,"Southern Lebanon",1994,82,71,120,3,"Lebanon","666","","","","666","660","2","23,1",426,1994
426,"891","Israel","Government of Israel","121","","Hezbollah","366","",1,"Southern Lebanon",1995,74,71,85,3,"Lebanon, Israel","666","","","","666","666, 660","2","23,1",426,1995
426,"891","Israel","Government of Israel","121","","Hezbollah","366","",1,"Southern Lebanon",1996,95,93,103,3,"Lebanon, Israel","666","","","","666","666, 660","2","23,1",426,1996
426,"891","Israel","Government of Israel","121","","Hezbollah","366","",1,"Southern Lebanon",1997,82,82,90,3,"Lebanon","666","","","","666","660","2","23,1",426,1997
426,"891","Israel","Government of Israel","121","","Hezbollah","366","",1,"Southern Lebanon",1998,54,54,56,3,"Lebanon","666","","","","666","660","2","23,1",426,1998
426,"891","Israel","Government of Israel","121","","Hezbollah","366","",1,"Southern Lebanon",1999,41,41,42,3,"Lebanon","666","","","","666","660","2","23,1",426,1999
426,"891","Israel","Government of Israel","121","","Hezbollah","366","",1,"Southern Lebanon",2006,857,855,1160,3,"Lebanon, Israel","666","","","","666","666, 660","2","23,1",426,2006
13936,"14319","Pakistan","Government of Pakistan","142","","IS","234","",1,"Islamic State",2016,68,68,68,3,"Pakistan","770","","","","770","770","3","23,1",13936,2016
13936,"14319","Pakistan","Government of Pakistan","142","","IS","234","",1,"Islamic State",2017,80,80,81,3,"Pakistan","770","","","","770","770","3","23,1",13936,2017
13936,"14319","Pakistan","Government of Pakistan","142","","IS","234","",1,"Islamic State",2018,51,51,51,3,"Pakistan","770","","","","770","770","3","23,1",13936,2018
13936,"14319","Pakistan","Government of Pakistan","142","","IS","234","",1,"Islamic State",2019,29,29,29,3,"Pakistan","770","","","","770","770","3","23,1",13936,2019
13936,"14319","Pakistan","Government of Pakistan","142","","IS","234","",1,"Islamic State",2021,26,26,26,3,"Pakistan","770","","","","770","770","3","23,1",13936,2021
13936,"14319","Pakistan","Government of Pakistan","142","","IS","234","",1,"Islamic State",2022,29,25,30,3,"Afghanistan, Pakistan","770","","","","770","770, 700","3","23,1",13936,2022
11447,"10006","Ethiopia","Government of Ethiopia","97","","IGLF","1115","",1,"Hararghe",1991,100,100,100,3,"Ethiopia","530","","","","530","530","4","23,1",11447,1991
205,"406","Iran","Government of Iran","114","","KDPI","164","",1,"Kurdistan",2016,30,30,137,3,"Iraq, Iran","630","","","","630","630, 645","2","23,1",205,2016
205,"406","Iran","Government of Iran","114","","KDPI","164","",1,"Kurdistan",2018,44,33,78,3,"Iraq, Iran","630","","","","630","630, 645","2","23,1",205,2018
205,"406","Iran","Government of Iran","114","","KDPI","164","",1,"Kurdistan",1990,31,31,335,3,"Iran","630","","","","630","630","2","23,1",205,1990
205,"406","Iran","Government of Iran","114","","KDPI","164","",1,"Kurdistan",1993,110,110,110,3,"Iraq, Iran","630","","","","630","630, 645","2","23,1",205,1993
205,"406","Iran","Government of Iran","114","","KDPI","164","",1,"Kurdistan",1996,27,27,29,3,"Iraq, Iran","630","","","","630","630, 645","2","23,1",205,1996
209,"412, 411","Philippines","Government of Philippines","154","","CPP, Abenina & Zumel), Military faction (forces of Honasan","169, 170","",2,"",1989,822,801,885,3,"Philippines","840","","","","840","840","3","23,1",209,1989
209,"412, 411","Philippines","Government of Philippines","154","","CPP, Abenina & Zumel), Military faction (forces of Honasan","169, 170","",2,"",1990,1175,1171,1193,3,"Philippines","840","","","","840","840","3","23,1",209,1990
209,"411","Philippines","Government of Philippines","154","","CPP","169","",2,"",1991,1514,1514,1933,3,"Philippines","840","","","","840","840","3","23,1",209,1991
209,"411","Philippines","Government of Philippines","154","","CPP","169","",2,"",1992,430,430,454,3,"Philippines","840","","","","840","840","3","23,1",209,1992
209,"411","Philippines","Government of Philippines","154","","CPP","169","",2,"",1993,99,99,114,3,"Philippines","840","","","","840","840","3","23,1",209,1993
209,"411","Philippines","Government of Philippines","154","","CPP","169","",2,"",1994,69,69,73,3,"Philippines","840","","","","840","840","3","23,1",209,1994
209,"411","Philippines","Government of Philippines","154","","CPP","169","",2,"",1995,36,36,41,3,"Philippines","840","","","","840","840","3","23,1",209,1995
209,"411","Philippines","Government of Philippines","154","","CPP","169","",2,"",1997,32,32,32,3,"Philippines","840","","","","840","840","3","23,1",209,1997
209,"411","Philippines","Government of Philippines","154","","CPP","169","",2,"",1999,93,93,98,3,"Philippines","840","","","","840","840","3","23,1",209,1999
209,"411","Philippines","Government of Philippines","154","","CPP","169","",2,"",2000,140,140,140,3,"Philippines","840","","","","840","840","3","23,1",209,2000
209,"411","Philippines","Government of Philippines","154","","CPP","169","",2,"",2001,142,138,287,3,"Philippines","840","","","","840","840","3","23,1",209,2001
209,"411","Philippines","Government of Philippines","154","","CPP","169","",2,"",2002,280,280,291,3,"Philippines","840","","","","840","840","3","23,1",209,2002
209,"411","Philippines","Government of Philippines","154","","CPP","169","",2,"",2003,231,227,236,3,"Philippines","840","","","","840","840","3","23,1",209,2003
209,"411","Philippines","Government of Philippines","154","","CPP","169","",2,"",2004,270,264,344,3,"Philippines","840","","","","840","840","3","23,1",209,2004
209,"411","Philippines","Government of Philippines","154","","CPP","169","",2,"",2005,234,222,243,3,"Philippines","840","","","","840","840","3","23,1",209,2005
209,"411","Philippines","Government of Philippines","154","","CPP","169","",2,"",2006,310,310,1018,3,"Philippines","840","","","","840","840","3","23,1",209,2006
209,"411","Philippines","Government of Philippines","154","","CPP","169","",2,"",2007,132,132,1077,3,"Philippines","840","","","","840","840","3","23,1",209,2007
209,"411","Philippines","Government of Philippines","154","","CPP","169","",2,"",2008,184,184,217,3,"Philippines","840","","","","840","840","3","23,1",209,2008
209,"411","Philippines","Government of Philippines","154","","CPP","169","",2,"",2009,377,377,400,3,"Philippines","840","","","","840","840","3","23,1",209,2009
209,"411","Philippines","Government of Philippines","154","","CPP","169","",2,"",2010,258,258,352,3,"Philippines","840","","","","840","840","3","23,1",209,2010
209,"411","Philippines","Government of Philippines","154","","CPP","169","",2,"",2011,204,204,210,3,"Philippines","840","","","","840","840","3","23,1",209,2011
209,"411","Philippines","Government of Philippines","154","","CPP","169","",2,"",2012,182,181,193,3,"Philippines","840","","","","840","840","3","23,1",209,2012
209,"411","Philippines","Government of Philippines","154","","CPP","169","",2,"",2013,165,165,170,3,"Philippines","840","","","","840","840","3","23,1",209,2013
209,"411","Philippines","Government of Philippines","154","","CPP","169","",2,"",2014,190,187,199,3,"Philippines","840","","","","840","840","3","23,1",209,2014
209,"411","Philippines","Government of Philippines","154","","CPP","169","",2,"",2015,168,168,173,3,"Philippines","840","","","","840","840","3","23,1",209,2015
209,"411","Philippines","Government of Philippines","154","","CPP","169","",2,"",2016,92,92,101,3,"Philippines","840","","","","840","840","3","23,1",209,2016
209,"411","Philippines","Government of Philippines","154","","CPP","169","",2,"",2017,174,174,214,3,"Philippines","840","","","","840","840","3","23,1",209,2017
209,"411","Philippines","Government of Philippines","154","","CPP","169","",2,"",2018,144,103,149,3,"Philippines","840","","","","840","840","3","23,1",209,2018
209,"411","Philippines","Government of Philippines","154","","CPP","169","",2,"",2019,138,136,177,3,"Philippines","840","","","","840","840","3","23,1",209,2019
209,"411","Philippines","Government of Philippines","154","","CPP","169","",2,"",2020,165,165,166,3,"Philippines","840","","","","840","840","3","23,1",209,2020
209,"411","Philippines","Government of Philippines","154","","CPP","169","",2,"",2021,195,195,195,3,"Philippines","840","","","","840","840","3","23,1",209,2021
209,"411","Philippines","Government of Philippines","154","","CPP","169","",2,"",2022,152,152,152,3,"Philippines","840","","","","840","840","3","23,1",209,2022
11475,"11018","Myanmar (Burma)","Government of Myanmar (Burma)","144","","NSCN-K","224","",1,"Nagaland",1991,150,150,150,3,"Myanmar (Burma)","775","","","","775","775","3","23,1",11475,1991
11475,"11018","Myanmar (Burma)","Government of Myanmar (Burma)","144","","NSCN-K","224","",1,"Nagaland",1995,33,33,33,3,"Myanmar (Burma)","775","","","","775","775","3","23,1",11475,1995
11475,"11018","Myanmar (Burma)","Government of Myanmar (Burma)","144","","NSCN-K","224","",1,"Nagaland",2000,43,43,43,3,"Myanmar (Burma), India","775","","","","775","775, 750","3","23,1",11475,2000
11475,"11018","Myanmar (Burma)","Government of Myanmar (Burma)","144","","NSCN-K","224","",1,"Nagaland",2001,62,62,62,3,"Myanmar (Burma)","775","","","","775","775","3","23,1",11475,2001
11475,"11018","Myanmar (Burma)","Government of Myanmar (Burma)","144","","NSCN-K","224","",1,"Nagaland",2005,38,23,38,3,"Myanmar (Burma)","775","","","","775","775","3","23,1",11475,2005
11475,"11018","Myanmar (Burma)","Government of Myanmar (Burma)","144","","NSCN-K","224","",1,"Nagaland",2006,92,92,97,3,"Myanmar (Burma)","775","","","","775","775","3","23,1",11475,2006
11475,"11018","Myanmar (Burma)","Government of Myanmar (Burma)","144","","NSCN-K","224","",1,"Nagaland",2007,215,215,215,3,"Myanmar (Burma)","775","","","","775","775","3","23,1",11475,2007
218,"422","Pakistan, India","Government of India","141","","Government of Pakistan","142","",1,"Kashmir",1989,25,25,25,2,"India","750","","770","","770, 750","750","3","23,1",218,1989
218,"422","Pakistan, India","Government of India","141","","Government of Pakistan","142","",1,"Kashmir",1990,28,26,28,2,"Pakistan, India","750","","770","","770, 750","770, 750","3","23,1",218,1990
218,"422","Pakistan, India","Government of India","141","","Government of Pakistan","142","",1,"Kashmir",1991,99,99,195,2,"Pakistan, India","750","","770","","770, 750","770, 750","3","23,1",218,1991
218,"422","Pakistan, India","Government of India","141","","Government of Pakistan","142","",1,"Kashmir",1992,25,25,33,2,"India","750","","770","","770, 750","750","3","23,1",218,1992
218,"422","Pakistan, India","Government of India","141","","Government of Pakistan","142","",1,"Kashmir",1994,42,42,42,2,"Pakistan, India","750","","770","","770, 750","770, 750","3","23,1",218,1994
218,"422","Pakistan, India","Government of India","141","","Government of Pakistan","142","",1,"Kashmir",1996,35,35,35,2,"Pakistan, India","750","","770","","770, 750","770, 750","3","23,1",218,1996
218,"422","Pakistan, India","Government of India","141","","Government of Pakistan","142","",1,"Kashmir",1997,127,127,133,2,"Pakistan, India","750","","770","","770, 750","770, 750","3","23,1",218,1997
218,"422","Pakistan, India","Government of India","141","","Government of Pakistan","142","",1,"Kashmir",1998,147,147,163,2,"Pakistan, India","750","","770","","770, 750","770, 750","3","23,1",218,1998
218,"422","Pakistan, India","Government of India","141","","Government of Pakistan","142","",1,"Kashmir",1999,934,914,1508,2,"Pakistan, India","750","","770","","770, 750","770, 750","3","23,1",218,1999
218,"422","Pakistan, India","Government of India","141","","Government of Pakistan","142","",1,"Kashmir",2000,222,221,259,2,"Pakistan, India","750","","770","","770, 750","770, 750","3","23,1",218,2000
218,"422","Pakistan, India","Government of India","141","","Government of Pakistan","142","",1,"Kashmir",2001,48,48,86,2,"Pakistan, India","750","","770","","770, 750","770, 750","3","23,1",218,2001
218,"422","Pakistan, India","Government of India","141","","Government of Pakistan","142","",1,"Kashmir",2002,212,212,233,2,"Pakistan, India","750","","770","","770, 750","770, 750","3","23,1",218,2002
218,"422","Pakistan, India","Government of India","141","","Government of Pakistan","142","",1,"Kashmir",2003,237,237,276,2,"Pakistan, India","750","","770","","770, 750","770, 750","3","23,1",218,2003
218,"422","Pakistan, India","Government of India","141","","Government of Pakistan","142","",1,"Kashmir",2013,31,31,33,2,"Pakistan, India","750","","770","","770, 750","770, 750","3","23,1",218,2013
218,"422","Pakistan, India","Government of India","141","","Government of Pakistan","142","",1,"Kashmir",2014,49,46,68,2,"Pakistan, India","750","","770","","770, 750","770, 750","3","23,1",218,2014
218,"422","Pakistan, India","Government of India","141","","Government of Pakistan","142","",1,"Kashmir",2015,63,62,64,2,"Pakistan, India","750","","770","","770, 750","770, 750","3","23,1",218,2015
218,"422","Pakistan, India","Government of India","141","","Government of Pakistan","142","",1,"Kashmir",2016,100,100,112,2,"Pakistan, India","750","","770","","770, 750","770, 750","3","23,1",218,2016
218,"422","Pakistan, India","Government of India","141","","Government of Pakistan","142","",1,"Kashmir",2017,151,151,153,2,"Pakistan, India","750","","770","","770, 750","770, 750","3","23,1",218,2017
218,"422","Pakistan, India","Government of India","141","","Government of Pakistan","142","",1,"Kashmir",2018,129,126,164,2,"Pakistan, India","750","","770","","770, 750","770, 750","3","23,1",218,2018
218,"422","Pakistan, India","Government of India","141","","Government of Pakistan","142","",1,"Kashmir",2019,164,164,175,2,"Pakistan, India","750","","770","","770, 750","770, 750","3","23,1",218,2019
218,"422","Pakistan, India","Government of India","141","","Government of Pakistan","142","",1,"Kashmir",2020,162,162,168,2,"Pakistan, India","750","","770","","770, 750","770, 750","3","23,1",218,2020
220,"426","Paraguay","Government of Paraguay","24","","Military faction (forces of Andres Rodriguez)","724","",2,"",1989,150,17,300,3,"Paraguay","150","","","","150","150","5","23,1",220,1989
221,"428","Myanmar (Burma)","Government of Myanmar (Burma)","144","","KNU","180","",1,"Karen",1989,1000,809,1355,3,"Thailand, Myanmar (Burma)","775","","","","775","775, 800","3","23,1",221,1989
221,"428","Myanmar (Burma)","Government of Myanmar (Burma)","144","","KNU","180","",1,"Karen",1990,393,393,428,3,"Thailand, Myanmar (Burma)","775","","","","775","775, 800","3","23,1",221,1990
221,"428","Myanmar (Burma)","Government of Myanmar (Burma)","144","","KNU","180","",1,"Karen",1991,552,497,672,3,"Myanmar (Burma)","775","","","","775","775","3","23,1",221,1991
221,"428","Myanmar (Burma)","Government of Myanmar (Burma)","144","","KNU","180","",1,"Karen",1992,1163,1130,1275,3,"Myanmar (Burma)","775","","","","775","775","3","23,1",221,1992
221,"428","Myanmar (Burma)","Government of Myanmar (Burma)","144","","KNU","180","",1,"Karen",1994,25,15,25,3,"Myanmar (Burma)","775","","","","775","775","3","23,1",221,1994
221,"428","Myanmar (Burma)","Government of Myanmar (Burma)","144","","KNU","180","",1,"Karen",1995,110,60,110,3,"Myanmar (Burma)","775","","","","775","775","3","23,1",221,1995
221,"428","Myanmar (Burma)","Government of Myanmar (Burma)","144","","KNU","180","",1,"Karen",1997,41,41,41,3,"Myanmar (Burma)","775","","","","775","775","3","23,1",221,1997
221,"428","Myanmar (Burma)","Government of Myanmar (Burma)","144","","KNU","180","",1,"Karen",1998,36,36,36,3,"Myanmar (Burma)","775","","","","775","775","3","23,1",221,1998
221,"428, 429","Myanmar (Burma)","Government of Myanmar (Burma)","144","","God's Army, KNU","181, 180","",1,"Karen",2000,114,112,114,3,"Thailand, Myanmar (Burma)","775","","","","775","775, 800","3","23,1",221,2000
221,"428","Myanmar (Burma)","Government of Myanmar (Burma)","144","","KNU","180","",1,"Karen",2001,36,36,36,3,"Thailand, Myanmar (Burma)","775","","","","775","775, 800","3","23,1",221,2001
221,"428","Myanmar (Burma)","Government of Myanmar (Burma)","144","","KNU","180","",1,"Karen",2002,110,108,121,3,"Myanmar (Burma)","775","","","","775","775","3","23,1",221,2002
221,"428","Myanmar (Burma)","Government of Myanmar (Burma)","144","","KNU","180","",1,"Karen",2003,38,38,44,3,"Myanmar (Burma)","775","","","","775","775","3","23,1",221,2003
221,"428","Myanmar (Burma)","Government of Myanmar (Burma)","144","","KNU","180","",1,"Karen",2004,27,25,28,3,"Myanmar (Burma)","775","","","","775","775","3","23,1",221,2004
221,"428","Myanmar (Burma)","Government of Myanmar (Burma)","144","","KNU","180","",1,"Karen",2005,42,38,46,3,"Myanmar (Burma)","775","","","","775","775","3","23,1",221,2005
221,"428","Myanmar (Burma)","Government of Myanmar (Burma)","144","","KNU","180","",1,"Karen",2006,104,79,105,3,"Myanmar (Burma)","775","","","","775","775","3","23,1",221,2006
221,"428","Myanmar (Burma)","Government of Myanmar (Burma)","144","","KNU","180","",1,"Karen",2007,104,104,106,3,"Myanmar (Burma)","775","","","","775","775","3","23,1",221,2007
221,"428","Myanmar (Burma)","Government of Myanmar (Burma)","144","","KNU","180","",1,"Karen",2008,33,33,36,3,"Thailand, Myanmar (Burma)","775","","","","775","775, 800","3","23,1",221,2008
221,"428","Myanmar (Burma)","Government of Myanmar (Burma)","144","","KNU","180","",1,"Karen",2009,63,43,79,3,"Myanmar (Burma)","775","","","","775","775","3","23,1",221,2009
221,"428, 430","Myanmar (Burma)","Government of Myanmar (Burma)","144","","DKBA 5, KNU","1107, 180","",1,"Karen",2010,121,106,125,3,"Thailand, Myanmar (Burma)","775","","","","775","775, 800","3","23,1",221,2010
221,"428, 430","Myanmar (Burma)","Government of Myanmar (Burma)","144","","DKBA 5, KNU","1107, 180","",1,"Karen",2011,334,318,1467,3,"Myanmar (Burma)","775","","","","775","775","3","23,1",221,2011
221,"430","Myanmar (Burma)","Government of Myanmar (Burma)","144","","DKBA 5","1107","",1,"Karen",2013,41,41,41,3,"Myanmar (Burma)","775","","","","775","775","3","23,1",221,2013
221,"428","Myanmar (Burma)","Government of Myanmar (Burma)","144","","KNU","180","",1,"Karen",2021,78,72,911,3,"Myanmar (Burma)","775","","","","775","775","3","23,1",221,2021
221,"428","Myanmar (Burma)","Government of Myanmar (Burma)","144","","KNU","180","",1,"Karen",2022,241,239,2148,3,"Myanmar (Burma)","775","","","","775","775","3","23,1",221,2022
222,"14273","Myanmar (Burma)","Government of Myanmar (Burma)","144","","PSLF","5965","",2,"",2017,46,46,46,3,"Myanmar (Burma)","775","","","","775","775","3","23,1",222,2017
222,"14273","Myanmar (Burma)","Government of Myanmar (Burma)","144","","PSLF","5965","",2,"",2018,46,34,77,3,"Myanmar (Burma)","775","","","","775","775","3","23,1",222,2018
222,"14273","Myanmar (Burma)","Government of Myanmar (Burma)","144","","PSLF","5965","",2,"",2019,49,36,91,3,"Myanmar (Burma)","775","","","","775","775","3","23,1",222,2019
222,"16759","Myanmar (Burma)","Government of Myanmar (Burma)","144","","NUG","8060","",2,"",2021,684,595,3291,3,"Myanmar (Burma)","775","","","","775","775","3","23,1",222,2021
222,"16759, 14273","Myanmar (Burma)","Government of Myanmar (Burma)","144","","PSLF, NUG","8060, 5965","",2,"",2022,1313,1156,6342,3,"Myanmar (Burma)","775","","","","775","775","3","23,1",222,2022
222,"434","Myanmar (Burma)","Government of Myanmar (Burma)","144","","ABSDF","185","",2,"",1990,25,25,25,3,"Myanmar (Burma)","775","","","","775","775","3","23,1",222,1990
222,"434","Myanmar (Burma)","Government of Myanmar (Burma)","144","","ABSDF","185","",2,"",1991,25,25,25,3,"Myanmar (Burma)","775","","","","775","775","3","23,1",222,1991
222,"434","Myanmar (Burma)","Government of Myanmar (Burma)","144","","ABSDF","185","",2,"",1992,25,25,25,3,"Myanmar (Burma)","775","","","","775","775","3","23,1",222,1992
222,"434","Myanmar (Burma)","Government of Myanmar (Burma)","144","","ABSDF","185","",2,"",1994,25,25,25,3,"Myanmar (Burma)","775","","","","775","775","3","23,1",222,1994
222,"14273","Myanmar (Burma)","Government of Myanmar (Burma)","144","","PSLF","5965","",2,"",2013,29,29,30,3,"Myanmar (Burma)","775","","","","775","775","3","23,1",222,2013
222,"14273","Myanmar (Burma)","Government of Myanmar (Burma)","144","","PSLF","5965","",2,"",2014,37,37,203,3,"Myanmar (Burma)","775","","","","775","775","3","23,1",222,2014
222,"14273","Myanmar (Burma)","Government of Myanmar (Burma)","144","","PSLF","5965","",2,"",2015,106,106,181,3,"Myanmar (Burma)","775","","","","775","775","3","23,1",222,2015
11487,"12139","Malaysia","Government of Malaysia","152","","Sultanate of Sulu","4006","",1,"Sabah",2013,70,68,122,3,"Philippines, Malaysia","820","","","","820","840, 820","3","23,1",11487,2013
223,"15069","Myanmar (Burma)","Government of Myanmar (Burma)","144","","ARSA","6692","",1,"Arakan",2016,86,84,129,3,"Myanmar (Burma)","775","","","","775","775","3","23,1",223,2016
223,"15069","Myanmar (Burma)","Government of Myanmar (Burma)","144","","ARSA","6692","",1,"Arakan",2017,393,393,404,3,"Myanmar (Burma)","775","","","","775","775","3","23,1",223,2017
223,"11387","Myanmar (Burma)","Government of Myanmar (Burma)","144","","ULA","3051","",1,"Arakan",2018,27,14,87,3,"Myanmar (Burma)","775","","","","775","775","3","23,1",223,2018
223,"11387","Myanmar (Burma)","Government of Myanmar (Burma)","144","","ULA","3051","",1,"Arakan",2019,480,365,1013,3,"Myanmar (Burma)","775","","","","775","775","3","23,1",223,2019
223,"11387","Myanmar (Burma)","Government of Myanmar (Burma)","144","","ULA","3051","",1,"Arakan",2020,161,161,199,3,"Myanmar (Burma), Bangladesh","775","","","","775","775, 771","3","23,1",223,2020
223,"11387","Myanmar (Burma)","Government of Myanmar (Burma)","144","","ULA","3051","",1,"Arakan",2022,134,133,292,3,"Myanmar (Burma), Bangladesh","775","","","","775","775, 771","3","23,1",223,2022
223,"442","Myanmar (Burma)","Government of Myanmar (Burma)","144","","RSO","187","",1,"Arakan",1991,25,25,25,3,"Myanmar (Burma)","775","","","","775","775","3","23,1",223,1991
223,"442","Myanmar (Burma)","Government of Myanmar (Burma)","144","","RSO","187","",1,"Arakan",1994,109,109,109,3,"Myanmar (Burma)","775","","","","775","775","3","23,1",223,1994
224,"446","Myanmar (Burma)","Government of Myanmar (Burma)","144","","BMA","191","",1,"Mon",1996,80,80,80,3,"Myanmar (Burma)","775","","","","775","775","3","23,1",224,1996
224,"445","Myanmar (Burma)","Government of Myanmar (Burma)","144","","NMSP","190","",1,"Mon",1990,112,112,112,3,"Myanmar (Burma)","775","","","","775","775","3","23,1",224,1990
227,"451","India","Government of India","141","","PWG","193","",2,"",1991,78,78,78,3,"India","750","","","","750","750","3","23,1",227,1991
227,"451","India","Government of India","141","","PWG","193","",2,"",1992,322,322,502,3,"India","750","","","","750","750","3","23,1",227,1992
227,"451","India","Government of India","141","","PWG","193","",2,"",1993,182,174,193,3,"India","750","","","","750","750","3","23,1",227,1993
227,"451","India","Government of India","141","","PWG","193","",2,"",1994,68,68,68,3,"India","750","","","","750","750","3","23,1",227,1994
227,"451","India","Government of India","141","","PWG","193","",2,"",1996,173,172,173,3,"India","750","","","","750","750","3","23,1",227,1996
227,"451","India","Government of India","141","","PWG","193","",2,"",1997,84,78,85,3,"India","750","","","","750","750","3","23,1",227,1997
227,"451","India","Government of India","141","","PWG","193","",2,"",1998,99,99,111,3,"India","750","","","","750","750","3","23,1",227,1998
227,"451, 452","India","Government of India","141","","MCC, PWG","194, 193","",2,"",1999,126,120,130,3,"India","750","","","","750","750","3","23,1",227,1999
227,"451, 452, 11932","India","Government of India","141","","MCC, CPI-ML-J, PWG","3946, 194, 193","",2,"",2000,196,189,201,3,"India","750","","","","750","750","3","23,1",227,2000
227,"451, 452","India","Government of India","141","","MCC, PWG","194, 193","",2,"",2001,173,158,173,3,"India","750","","","","750","750","3","23,1",227,2001
227,"451, 452","India","Government of India","141","","MCC, PWG","194, 193","",2,"",2002,179,178,189,3,"India","750","","","","750","750","3","23,1",227,2002
227,"451, 452","India","Government of India","141","","MCC, PWG","194, 193","",2,"",2003,99,99,104,3,"India","750","","","","750","750","3","23,1",227,2003
227,"451, 452","India","Government of India","141","","MCC, PWG","194, 193","",2,"",2004,71,71,71,3,"India","750","","","","750","750","3","23,1",227,2004
227,"453","India","Government of India","141","","CPI-Maoist","195","",2,"",2005,199,199,241,3,"India","750","","","","750","750","3","23,1",227,2005
227,"453","India","Government of India","141","","CPI-Maoist","195","",2,"",2006,546,489,608,3,"India","750","","","","750","750","3","23,1",227,2006
227,"453","India","Government of India","141","","CPI-Maoist","195","",2,"",2007,377,373,404,3,"India","750","","","","750","750","3","23,1",227,2007
227,"453","India","Government of India","141","","CPI-Maoist","195","",2,"",2008,384,376,437,3,"India","750","","","","750","750","3","23,1",227,2008
227,"453","India","Government of India","141","","CPI-Maoist","195","",2,"",2009,522,513,654,3,"India","750","","","","750","750","3","23,1",227,2009
227,"453","India","Government of India","141","","CPI-Maoist","195","",2,"",2010,569,556,664,3,"India","750","","","","750","750","3","23,1",227,2010
227,"453","India","Government of India","141","","CPI-Maoist","195","",2,"",2011,299,299,348,3,"India","750","","","","750","750","3","23,1",227,2011
227,"453","India","Government of India","141","","CPI-Maoist","195","",2,"",2012,245,237,278,3,"India","750","","","","750","750","3","23,1",227,2012
227,"453","India","Government of India","141","","CPI-Maoist","195","",2,"",2013,215,209,236,3,"India","750","","","","750","750","3","23,1",227,2013
227,"453","India","Government of India","141","","CPI-Maoist","195","",2,"",2014,198,171,245,3,"India","750","","","","750","750","3","23,1",227,2014
227,"453","India","Government of India","141","","CPI-Maoist","195","",2,"",2015,146,146,205,3,"India","750","","","","750","750","3","23,1",227,2015
227,"453","India","Government of India","141","","CPI-Maoist","195","",2,"",2016,268,244,323,3,"India","750","","","","750","750","3","23,1",227,2016
227,"453","India","Government of India","141","","CPI-Maoist","195","",2,"",2017,245,244,246,3,"India","750","","","","750","750","3","23,1",227,2017
227,"453","India","Government of India","141","","CPI-Maoist","195","",2,"",2018,309,304,321,3,"India","750","","","","750","750","3","23,1",227,2018
227,"453","India","Government of India","141","","CPI-Maoist","195","",2,"",2019,216,216,217,3,"India","750","","","","750","750","3","23,1",227,2019
227,"453","India","Government of India","141","","CPI-Maoist","195","",2,"",2020,153,152,175,3,"India","750","","","","750","750","3","23,1",227,2020
227,"453","India","Government of India","141","","CPI-Maoist","195","",2,"",2021,181,175,193,3,"India","750","","","","750","750","3","23,1",227,2021
227,"453","India","Government of India","141","","CPI-Maoist","195","",2,"",2022,75,75,75,3,"India","750","","","","750","750","3","23,1",227,2022
230,"459, 14595","Yemen (North Yemen)","Government of Yemen (North Yemen)","123","","Forces of the Presidential Leadership Council, AQAP","881, 6254","Government of Sudan, Government of Qatar, Government of United Arab Emirates, Government of Saudi Arabia, Government of Eritrea, Government of Jordan, Government of Morocco, Government of Egypt, Government of Kuwait, Government of Bahrain",2,"",2016,3066,2979,3145,4,"Saudi Arabia, Yemen (North Yemen)","678","","","663, 625, 651, 690, 670, 692, 600, 696, 531, 694","678","670, 678","2","23,1",230,2016
230,"459, 15298, 14595","Yemen (North Yemen)","Government of Yemen (North Yemen)","123","","Forces of the Presidential Leadership Council, AQAP, GPC","6868, 881, 6254","Government of Sudan, Government of Qatar, Government of United Arab Emirates, Government of Saudi Arabia, Government of Eritrea, Government of Jordan, Government of Morocco, Government of Egypt, Government of Bahrain",2,"",2017,3045,2902,3476,4,"Saudi Arabia, Yemen (North Yemen)","678","","","663, 625, 651, 670, 692, 600, 696, 531, 694","678","670, 678","2","23,1",230,2017
230,"459, 14595","Yemen (North Yemen)","Government of Yemen (North Yemen)","123","","Forces of the Presidential Leadership Council, AQAP","881, 6254","Government of Sudan, Government of United Arab Emirates, Government of Saudi Arabia, Government of Eritrea, Government of Morocco, Government of Bahrain",2,"",2018,4528,4446,6620,4,"Saudi Arabia, Yemen (North Yemen)","678","","","625, 670, 692, 600, 696, 531","678","670, 678","2","23,1",230,2018
230,"14595","Yemen (North Yemen)","Government of Yemen (North Yemen)","123","","Forces of the Presidential Leadership Council","6254","Government of United Arab Emirates, Government of Sudan, Government of Saudi Arabia, Government of Bahrain",2,"",2019,2588,2067,3526,4,"Saudi Arabia, Yemen (North Yemen)","678","","","696, 670, 692, 625","678","670, 678","2","23,1",230,2019
230,"14595","Yemen (North Yemen)","Government of Yemen (North Yemen)","123","","Forces of the Presidential Leadership Council","6254","Government of United Arab Emirates, Government of Sudan, Government of Saudi Arabia, Government of Bahrain",2,"",2020,6255,3755,16211,4,"Saudi Arabia, Yemen (North Yemen)","678","","","696, 670, 692, 625","678","670, 678","2","23,1",230,2020
230,"14595","Yemen (North Yemen)","Government of Yemen (North Yemen)","123","","Forces of the Presidential Leadership Council","6254","Government of United Arab Emirates, Government of Sudan, Government of Saudi Arabia, Government of Bahrain",2,"",2021,23356,22110,33633,4,"Saudi Arabia, Yemen (North Yemen)","678","","","696, 670, 692, 625","678","670, 678","2","23,1",230,2021
230,"14595","Yemen (North Yemen)","Government of Yemen (North Yemen)","123","","Forces of the Presidential Leadership Council","6254","Government of United Arab Emirates, Government of Sudan, Government of Saudi Arabia, Government of Bahrain",2,"",2022,2899,2116,3551,4,"United Arab Emirates, Yemen (North Yemen)","678","","","696, 670, 692, 625","678","696, 678","2","23,1",230,2022
230,"459","Yemen (North Yemen)","Government of Yemen (North Yemen)","123","Government of United States of America","AQAP","881","",2,"",2009,94,94,103,4,"Yemen (North Yemen)","678","2","","","678","678","2","23,1",230,2009
230,"459","Yemen (North Yemen)","Government of Yemen (North Yemen)","123","Government of United States of America","AQAP","881","",2,"",2010,175,149,244,4,"Yemen (North Yemen)","678","2","","","678","678","2","23,1",230,2010
230,"459","Yemen (North Yemen)","Government of Yemen (North Yemen)","123","Government of United States of America","AQAP","881","",2,"",2011,1140,1135,1195,4,"Yemen (North Yemen)","678","2","","","678","678","2","23,1",230,2011
230,"459","Yemen (North Yemen)","Government of Yemen (North Yemen)","123","Government of United States of America","AQAP","881","",2,"",2012,2331,2328,2416,4,"Yemen (North Yemen)","678","2","","","678","678","2","23,1",230,2012
230,"459","Yemen (North Yemen)","Government of Yemen (North Yemen)","123","Government of United States of America","AQAP","881","",2,"",2013,582,581,641,4,"Yemen (North Yemen)","678","2","","","678","678","2","23,1",230,2013
230,"459, 10855","Yemen (North Yemen)","Government of Yemen (North Yemen)","123","Government of United States of America","Ansarallah, AQAP","1091, 881","",2,"",2014,1780,1780,2168,4,"Yemen (North Yemen)","678","2","","","678","678","2","23,1",230,2014
230,"14595, 459, 10855","Yemen (North Yemen)","Government of Yemen (North Yemen)","123","","Forces of the Presidential Leadership Council, Ansarallah, AQAP","1091, 881, 6254","Government of Sudan, Government of Qatar, Government of United Arab Emirates, Government of Saudi Arabia, Government of Eritrea, Government of Jordan, Government of Morocco, Government of Egypt, Government of Kuwait, Government of Bahrain",2,"",2015,6867,6577,7878,4,"Saudi Arabia, Yemen (North Yemen)","678","","","663, 625, 651, 690, 670, 692, 600, 696, 531, 694","678","670, 678","2","23,1",230,2015
231,"461","Myanmar (Burma)","Government of Myanmar (Burma)","144","","KIO","201","",1,"Kachin",2016,32,31,47,3,"Myanmar (Burma)","775","","","","775","775","3","23,1",231,2016
231,"461","Myanmar (Burma)","Government of Myanmar (Burma)","144","","KIO","201","",1,"Kachin",2017,43,43,43,3,"Myanmar (Burma)","775","","","","775","775","3","23,1",231,2017
231,"461","Myanmar (Burma)","Government of Myanmar (Burma)","144","","KIO","201","",1,"Kachin",2018,26,21,52,3,"Myanmar (Burma)","775","","","","775","775","3","23,1",231,2018
231,"461","Myanmar (Burma)","Government of Myanmar (Burma)","144","","KIO","201","",1,"Kachin",2019,29,29,30,3,"Myanmar (Burma)","775","","","","775","775","3","23,1",231,2019
231,"461","Myanmar (Burma)","Government of Myanmar (Burma)","144","","KIO","201","",1,"Kachin",1989,194,194,194,3,"Myanmar (Burma)","775","","","","775","775","3","23,1",231,1989
231,"461","Myanmar (Burma)","Government of Myanmar (Burma)","144","","KIO","201","",1,"Kachin",1990,25,25,25,3,"Myanmar (Burma)","775","","","","775","775","3","23,1",231,1990
231,"461","Myanmar (Burma)","Government of Myanmar (Burma)","144","","KIO","201","",1,"Kachin",1991,25,25,25,3,"Myanmar (Burma)","775","","","","775","775","3","23,1",231,1991
231,"461","Myanmar (Burma)","Government of Myanmar (Burma)","144","","KIO","201","",1,"Kachin",1992,25,25,25,3,"Myanmar (Burma)","775","","","","775","775","3","23,1",231,1992
231,"461","Myanmar (Burma)","Government of Myanmar (Burma)","144","","KIO","201","",1,"Kachin",2021,136,132,503,3,"Myanmar (Burma)","775","","","","775","775","3","23,1",231,2021
231,"461","Myanmar (Burma)","Government of Myanmar (Burma)","144","","KIO","201","",1,"Kachin",2022,276,273,935,3,"Myanmar (Burma)","775","","","","775","775","3","23,1",231,2022
231,"461","Myanmar (Burma)","Government of Myanmar (Burma)","144","","KIO","201","",1,"Kachin",2011,209,208,574,3,"Myanmar (Burma)","775","","","","775","775","3","23,1",231,2011
231,"461","Myanmar (Burma)","Government of Myanmar (Burma)","144","","KIO","201","",1,"Kachin",2012,702,676,2198,3,"Myanmar (Burma)","775","","","","775","775","3","23,1",231,2012
231,"461","Myanmar (Burma)","Government of Myanmar (Burma)","144","","KIO","201","",1,"Kachin",2013,125,117,143,3,"Myanmar (Burma)","775","","","","775","775","3","23,1",231,2013
231,"461","Myanmar (Burma)","Government of Myanmar (Burma)","144","","KIO","201","",1,"Kachin",2014,83,83,84,3,"Myanmar (Burma)","775","","","","775","775","3","23,1",231,2014
231,"461","Myanmar (Burma)","Government of Myanmar (Burma)","144","","KIO","201","",1,"Kachin",2015,142,142,224,3,"Myanmar (Burma)","775","","","","775","775","3","23,1",231,2015
233,"469","Guatemala","Government of Guatemala","11","","URNG","732","",2,"",1989,82,82,300,3,"Guatemala","90","","","","90","90","5","23,1",233,1989
233,"469","Guatemala","Government of Guatemala","11","","URNG","732","",2,"",1990,83,83,114,3,"Guatemala","90","","","","90","90","5","23,1",233,1990
233,"469","Guatemala","Government of Guatemala","11","","URNG","732","",2,"",1991,72,72,85,3,"Guatemala","90","","","","90","90","5","23,1",233,1991
233,"469","Guatemala","Government of Guatemala","11","","URNG","732","",2,"",1992,67,67,95,3,"Guatemala","90","","","","90","90","5","23,1",233,1992
233,"469","Guatemala","Government of Guatemala","11","","URNG","732","",2,"",1993,58,58,86,3,"Guatemala","90","","","","90","90","5","23,1",233,1993
233,"469","Guatemala","Government of Guatemala","11","","URNG","732","",2,"",1994,37,37,39,3,"Guatemala","90","","","","90","90","5","23,1",233,1994
233,"469","Guatemala","Government of Guatemala","11","","URNG","732","",2,"",1995,27,21,27,3,"Guatemala","90","","","","90","90","5","23,1",233,1995
234,"475, 474","Israel","Government of Israel","121","","PFLP, PFLP-GC","205, 206","",1,"Palestine",1989,54,54,63,3,"Lebanon, Israel","666","","","","666","666, 660","2","23,1",234,1989
234,"476","Israel","Government of Israel","121","","Fatah","207","",1,"Palestine",1990,29,26,49,3,"Lebanon, Israel","666","","","","666","666, 660","2","23,1",234,1990
234,"476","Israel","Government of Israel","121","","Fatah","207","",1,"Palestine",1991,28,28,30,3,"Lebanon, Israel","666","","","","666","666, 660","2","23,1",234,1991
234,"476","Israel","Government of Israel","121","","Fatah","207","",1,"Palestine",1992,33,32,36,3,"Lebanon, France, Israel","666","","","","666","666, 660, 220","2","23,1",234,1992
234,"477","Israel","Government of Israel","121","","Hamas","209","",1,"Palestine",1993,47,47,48,3,"Israel","666","","","","666","666","2","23,1",234,1993
234,"477","Israel","Government of Israel","121","","Hamas","209","",1,"Palestine",1994,44,41,45,3,"Israel","666","","","","666","666","2","23,1",234,1994
234,"478","Israel","Government of Israel","121","","PIJ","208","",1,"Palestine",1995,34,34,36,3,"Malta, Israel","666","","","","666","338, 666","2","23,1",234,1995
234,"479","Israel","Government of Israel","121","","PNA","210","",1,"Palestine",1996,66,66,66,3,"Israel","666","","","","666","666","2","23,1",234,1996
234,"476, 479","Israel","Government of Israel","121","","Fatah, PNA","210, 207","",1,"Palestine",2000,77,74,79,3,"Israel","666","","","","666","666","2","23,1",234,2000
234,"476, 477, 479, 478, 474","Israel","Government of Israel","121","","PIJ, PNA, Hamas, PFLP, Fatah","205, 208, 210, 207, 209","",1,"Palestine",2001,244,238,261,3,"Israel","666","","","","666","666","2","23,1",234,2001
234,"476, 477, 480, 479, 478","Israel","Government of Israel","121","","PIJ, PNA, AMB, Hamas, Fatah","211, 208, 210, 207, 209","",1,"Palestine",2002,613,606,669,3,"Israel","666","","","","666","666","2","23,1",234,2002
234,"477, 478, 480","Israel","Government of Israel","121","","AMB, PIJ, Hamas","209, 208, 211","",1,"Palestine",2003,308,308,327,3,"Israel","666","","","","666","666","2","23,1",234,2003
234,"477, 478, 480","Israel","Government of Israel","121","","AMB, PIJ, Hamas","209, 208, 211","",1,"Palestine",2004,386,372,435,3,"Syria, Israel","666","","","","666","652, 666","2","23,1",234,2004
234,"477, 478, 476","Israel","Government of Israel","121","","Hamas, Fatah, PIJ","209, 208, 207","",1,"Palestine",2005,123,117,136,3,"Israel","666","","","","666","666","2","23,1",234,2005
234,"477, 478, 481, 476","Israel","Government of Israel","121","","Hamas, Fatah, PIJ, PRC","209, 208, 212, 207","",1,"Palestine",2006,348,341,405,3,"Lebanon, Israel","666","","","","666","666, 660","2","23,1",234,2006
234,"477, 478, 476","Israel","Government of Israel","121","","Hamas, Fatah, PIJ","209, 208, 207","",1,"Palestine",2007,276,275,305,3,"Israel","666","","","","666","666","2","23,1",234,2007
234,"477, 478","Israel","Government of Israel","121","","Hamas, PIJ","209, 208","",1,"Palestine",2008,668,580,715,3,"Israel","666","","","","666","666","2","23,1",234,2008
234,"477, 478","Israel","Government of Israel","121","","Hamas, PIJ","209, 208","",1,"Palestine",2009,696,598,867,3,"Israel","666","","","","666","666","2","23,1",234,2009
234,"478","Israel","Government of Israel","121","","PIJ","208","",1,"Palestine",2010,27,27,27,3,"Israel","666","","","","666","666","2","23,1",234,2010
234,"477, 478","Israel","Government of Israel","121","","Hamas, PIJ","209, 208","",1,"Palestine",2011,78,78,78,3,"Israel","666","","","","666","666","2","23,1",234,2011
234,"477, 478","Israel","Government of Israel","121","","Hamas, PIJ","209, 208","",1,"Palestine",2012,235,236,245,3,"Israel","666","","","","666","666","2","23,1",234,2012
234,"477, 478","Israel","Government of Israel","121","","Hamas, PIJ","209, 208","",1,"Palestine",2014,2378,2368,2383,3,"Israel","666","","","","666","666","2","23,1",234,2014
234,"477","Israel","Government of Israel","121","","Hamas","209","",1,"Palestine",2018,53,53,62,3,"Israel","666","","","","666","666","2","23,1",234,2018
234,"478","Israel","Government of Israel","121","","PIJ","208","",1,"Palestine",2019,50,50,51,3,"Syria, Israel","666","","","","666","652, 666","2","23,1",234,2019
234,"477, 478","Israel","Government of Israel","121","","Hamas, PIJ","209, 208","",1,"Palestine",2021,269,269,269,3,"Israel","666","","","","666","666","2","23,1",234,2021
234,"478, 476","Israel","Government of Israel","121","","Fatah, PIJ","208, 207","",1,"Palestine",2022,84,81,84,3,"Israel","666","","","","666","666","2","23,1",234,2022
13042,"13821","Syria","Government of Syria","118","","PYD","4163","",1,"Rojava Kurdistan",2012,46,39,51,3,"Syria","652","","","","652","652","2","23,1",13042,2012
13042,"13821","Syria","Government of Syria","118","","PYD","4163","",1,"Rojava Kurdistan",2013,78,73,82,3,"Syria","652","","","","652","652","2","23,1",13042,2013
13042,"13821","Syria","Government of Syria","118","","PYD","4163","",1,"Rojava Kurdistan",2014,52,37,61,3,"Syria","652","","","","652","652","2","23,1",13042,2014
13042,"13821","Syria","Government of Syria","118","","PYD","4163","",1,"Rojava Kurdistan",2015,84,81,86,3,"Syria","652","","","","652","652","2","23,1",13042,2015
14074,"11545","Somalia","Government of Somalia","95","","Republic of Somaliland","675","",1,"Somaliland",2018,121,105,172,3,"Somalia","520","","","","520","520","4","23,1",14074,2018
251,"508","India","Government of India","141","","NSCN-IM","223","",1,"Nagaland",1992,47,47,47,3,"India","750","","","","750","750","3","23,1",251,1992
251,"508","India","Government of India","141","","NSCN-IM","223","",1,"Nagaland",1993,92,92,128,3,"India","750","","","","750","750","3","23,1",251,1993
251,"508","India","Government of India","141","","NSCN-IM","223","",1,"Nagaland",1994,60,58,69,3,"India","750","","","","750","750","3","23,1",251,1994
251,"508","India","Government of India","141","","NSCN-IM","223","",1,"Nagaland",1995,95,95,95,3,"India","750","","","","750","750","3","23,1",251,1995
251,"508","India","Government of India","141","","NSCN-IM","223","",1,"Nagaland",1996,40,40,40,3,"India","750","","","","750","750","3","23,1",251,1996
251,"508","India","Government of India","141","","NSCN-IM","223","",1,"Nagaland",1997,37,37,37,3,"India","750","","","","750","750","3","23,1",251,1997
251,"508","India","Government of India","141","","NSCN-IM","223","",1,"Nagaland",2000,30,18,30,3,"India","750","","","","750","750","3","23,1",251,2000
253,"511","Myanmar (Burma)","Government of Myanmar (Burma)","144","","KNPP","225","",1,"Karenni",2021,62,40,317,3,"Myanmar (Burma)","775","","","","775","775","3","23,1",253,2021
253,"511","Myanmar (Burma)","Government of Myanmar (Burma)","144","","KNPP","225","",1,"Karenni",2022,74,61,719,3,"Myanmar (Burma)","775","","","","775","775","3","23,1",253,2022
253,"511","Myanmar (Burma)","Government of Myanmar (Burma)","144","","KNPP","225","",1,"Karenni",1992,404,402,404,3,"Myanmar (Burma)","775","","","","775","775","3","23,1",253,1992
253,"511","Myanmar (Burma)","Government of Myanmar (Burma)","144","","KNPP","225","",1,"Karenni",1996,124,124,140,3,"Myanmar (Burma)","775","","","","775","775","3","23,1",253,1996
253,"511","Myanmar (Burma)","Government of Myanmar (Burma)","144","","KNPP","225","",1,"Karenni",2005,35,35,35,3,"Thailand, Myanmar (Burma)","775","","","","775","775, 800","3","23,1",253,2005
259,"521","Iraq","Government of Iraq","116","","SCIRI","231","",2,"",1991,237,237,1261,3,"Iraq","645","","","","645","645","2","23,1",259,1991
259,"521","Iraq","Government of Iraq","116","","SCIRI","231","",2,"",1992,280,280,741,3,"Iraq","645","","","","645","645","2","23,1",259,1992
259,"521","Iraq","Government of Iraq","116","","SCIRI","231","",2,"",1993,75,75,203,3,"Iraq","645","","","","645","645","2","23,1",259,1993
259,"521","Iraq","Government of Iraq","116","","SCIRI","231","",2,"",1994,34,34,36,3,"Iraq","645","","","","645","645","2","23,1",259,1994
259,"521","Iraq","Government of Iraq","116","","SCIRI","231","",2,"",1995,325,325,650,3,"Iraq","645","","","","645","645","2","23,1",259,1995
259,"521","Iraq","Government of Iraq","116","","SCIRI","231","",2,"",1996,42,42,66,3,"Iraq","645","","","","645","645","2","23,1",259,1996
259,"524, 523, 13891","Iraq","Government of Iraq","116","Government of Mongolia, Government of Azerbaijan, Government of Dominican Republic, Government of Slovakia, Government of Portugal, Government of El Salvador, Government of Italy, Government of Netherlands, Government of Australia, Government of Romania, Government of Kazakhstan, Government of Georgia, Government of Moldova, Government of Tonga, Government of Nicaragua, Government of Denmark, Government of South Korea, Government of Honduras, Government of Philippines, Government of Albania, Government of Bulgaria, Government of United States of America, Government of Lithuania, Government of North Macedonia, Government of Spain, Government of Poland, Government of Ukraine, Government of Estonia, Government of Norway, Government of Czech Republic, Government of Latvia, Government of United Kingdom","Ansar al-Islam, al-Mahdi Army, IS","233, 234, 5659","",2,"",2004,4094,4081,6142,4,"Iraq","645","369, 92, 840, 317, 367, 93, 343, 972, 316, 390, 368, 732, 339, 325, 230, 366, 705, 712, 385, 42, 900, 355, 373, 359, 290, 200, 2, 235, 372, 210, 91, 360","","","645","645","2","23,1",259,2004
259,"524, 523, 525","Iraq","Government of Iraq","116","Government of Mongolia, Government of Azerbaijan, Government of Slovakia, Government of Portugal, Government of El Salvador, Government of Italy, Government of Netherlands, Government of Australia, Government of Romania, Government of Kazakhstan, Government of Georgia, Government of Moldova, Government of Denmark, Government of Armenia, Government of South Korea, Government of Bosnia-Herzegovina, Government of Albania, Government of Bulgaria, Government of United States of America, Government of Lithuania, Government of North Macedonia, Government of Ukraine, Government of Poland, Government of Estonia, Government of Norway, Government of Czech Republic, Government of Latvia, Government of United Kingdom","Ansar al-Islam, IS, RJF","233, 234, 235","",2,"",2005,2608,2542,3563,4,"Iraq","645","369, 92, 317, 367, 343, 316, 390, 368, 732, 339, 325, 366, 705, 712, 371, 385, 900, 355, 373, 359, 290, 200, 2, 235, 372, 360, 210, 346","","","645","645","2","23,1",259,2005
259,"524, 523, 525","Iraq","Government of Iraq","116","Government of Mongolia, Government of Azerbaijan, Government of Slovakia, Government of El Salvador, Government of Australia, Government of Romania, Government of Kazakhstan, Government of Georgia, Government of Moldova, Government of Denmark, Government of Armenia, Government of South Korea, Government of Bosnia-Herzegovina, Government of Albania, Government of Bulgaria, Government of United States of America, Government of Lithuania, Government of North Macedonia, Government of Poland, Government of Estonia, Government of Czech Republic, Government of Latvia, Government of United Kingdom","Ansar al-Islam, IS, RJF","233, 234, 235","",2,"",2006,3923,3192,4123,4,"Iraq","645","92, 346, 317, 367, 343, 316, 390, 368, 732, 339, 366, 705, 712, 371, 900, 355, 373, 359, 290, 200, 2, 372, 360","","","645","645","2","23,1",259,2006
259,"524, 523, 525, 13891","Iraq","Government of Iraq","116","Government of Mongolia, Government of Azerbaijan, Government of Slovakia, Government of El Salvador, Government of Australia, Government of Romania, Government of Kazakhstan, Government of Georgia, Government of Moldova, Government of Tonga, Government of Denmark, Government of Armenia, Government of South Korea, Government of Bosnia-Herzegovina, Government of Albania, Government of Bulgaria, Government of United States of America, Government of Lithuania, Government of North Macedonia, Government of Poland, Government of Estonia, Government of Czech Republic, Government of Latvia, Government of United Kingdom","Ansar al-Islam, al-Mahdi Army, IS, RJF","233, 234, 5659, 235","",2,"",2007,2212,2040,2481,4,"Iraq","645","92, 346, 317, 367, 343, 972, 316, 390, 368, 732, 339, 366, 705, 712, 371, 900, 355, 373, 359, 290, 200, 2, 372, 360","","","645","645","2","23,1",259,2007
259,"524, 13891","Iraq","Government of Iraq","116","Government of Mongolia, Government of Azerbaijan, Government of El Salvador, Government of Australia, Government of Romania, Government of Kazakhstan, Government of Georgia, Government of Moldova, Government of Tonga, Government of Armenia, Government of South Korea, Government of Bosnia-Herzegovina, Government of Albania, Government of Bulgaria, Government of United States of America, Government of Lithuania, Government of North Macedonia, Government of Ukraine, Government of Poland, Government of Estonia, Government of Czech Republic, Government of Latvia, Government of United Kingdom","al-Mahdi Army, IS","234, 5659","",2,"",2008,2112,2098,2539,4,"Iraq","645","369, 92, 346, 367, 343, 972, 316, 368, 732, 339, 366, 705, 712, 371, 900, 355, 373, 359, 290, 200, 2, 372, 360","","","645","645","2","23,1",259,2008
259,"524","Iraq","Government of Iraq","116","Government of Australia, Government of Estonia, Government of El Salvador, Government of United States of America, Government of United Kingdom","IS","234","",2,"",2009,1036,926,1074,4,"Iraq","645","900, 92, 200, 2, 366","","","645","645","2","23,1",259,2009
259,"524","Iraq","Government of Iraq","116","Government of United States of America","IS","234","",2,"",2010,989,810,1040,4,"Iraq","645","2","","","645","645","2","23,1",259,2010
259,"524, 523","Iraq","Government of Iraq","116","Government of United States of America","Ansar al-Islam, IS","233, 234","",2,"",2011,864,737,959,4,"Iraq","645","2","","","645","645","2","23,1",259,2011
259,"524","Iraq","Government of Iraq","116","","IS","234","",2,"",2012,565,487,598,3,"Iraq","645","","","","645","645","2","23,1",259,2012
259,"524","Iraq","Government of Iraq","116","","IS","234","",2,"",2013,1870,1723,1925,3,"Syria, Iraq","645","","","","645","652, 645","2","23,1",259,2013
259,"524","Iraq","Government of Iraq","116","Government of Denmark, Government of Australia, Government of France, Government of United Kingdom, Government of Belgium, Government of United Arab Emirates, Government of Saudi Arabia, Government of Jordan, Government of Netherlands, Government of United States of America, Government of Canada, Government of Bahrain","IS","234","",2,"",2014,13761,13035,15037,4,"Syria, Iraq","645","663, 900, 390, 211, 200, 670, 692, 2, 696, 20, 210, 220","","","645","652, 645","2","23,1",259,2014
259,"524","Iraq","Government of Iraq","116","Government of Denmark, Government of Australia, Government of France, Government of United Kingdom, Government of Belgium, Government of United Arab Emirates, Government of Saudi Arabia, Government of Jordan, Government of Netherlands, Government of United States of America, Government of Canada, Government of Bahrain","IS","234","",2,"",2015,10981,10918,12181,4,"Libya, Iraq, Syria, France","645","663, 900, 390, 211, 200, 670, 692, 2, 696, 20, 210, 220","","","645","652, 645, 620, 220","2","23,1",259,2015
259,"524","Iraq","Government of Iraq","116","Government of Denmark, Government of Australia, Government of France, Government of United Kingdom, Government of Belgium, Government of United Arab Emirates, Government of Saudi Arabia, Government of Jordan, Government of Netherlands, Government of United States of America, Government of Canada, Government of Bahrain","IS","234","",2,"",2016,9775,9543,10214,4,"Belgium, Libya, Iraq, Syria","645","663, 900, 390, 211, 200, 670, 692, 2, 696, 20, 210, 220","","","645","652, 620, 211, 645","2","23,1",259,2016
259,"524","Iraq","Government of Iraq","116","Government of France, Government of Australia, Government of Belgium, Government of Saudi Arabia, Government of Jordan, Government of United States of America, Government of United Kingdom","IS","234","",2,"",2017,10025,9776,12186,4,"Yemen (North Yemen), Afghanistan, France, Iraq, Syria, Pakistan","645","663, 900, 211, 200, 670, 2, 220","","","645","645, 220, 652, 770, 678, 700","2","23,1",259,2017
259,"524","Iraq","Government of Iraq","116","Government of France, Government of Australia, Government of Belgium, Government of Saudi Arabia, Government of Jordan, Government of Netherlands, Government of United States of America, Government of United Kingdom","IS","234","",2,"",2018,866,856,900,4,"France, Iraq, Australia, Syria, Belgium","645","663, 900, 211, 200, 670, 2, 210, 220","","","645","900, 211, 645, 220, 652","2","23,1",259,2018
259,"524","Iraq","Government of Iraq","116","Government of Netherlands, Government of United States of America, Government of France, Government of United Kingdom","IS","234","",2,"",2019,498,497,520,4,"United Kingdom, Syria, Iraq","645","200, 2, 210, 220","","","645","652, 200, 645","2","23,1",259,2019
259,"524","Iraq","Government of Iraq","116","Government of Netherlands, Government of United States of America, Government of France, Government of United Kingdom","IS","234","",2,"",2020,671,638,711,4,"Syria, Iraq","645","200, 2, 210, 220","","","645","652, 645","2","23,1",259,2020
259,"524","Iraq","Government of Iraq","116","Government of Netherlands, Government of United States of America, Government of France, Government of United Kingdom","IS","234","",2,"",2021,707,628,816,4,"Iraq, Afghanistan","645","200, 2, 210, 220","","","645","645, 700","2","23,1",259,2021
259,"524","Iraq","Government of Iraq","116","Government of Netherlands, Government of United States of America, Government of France, Government of United Kingdom","IS","234","",2,"",2022,335,332,349,4,"Iraq","645","200, 2, 210, 220","","","645","645","2","23,1",259,2022
260,"533, 532","Lebanon","Government of Lebanon","119","Government of Syria","Forces of Michel Aoun, Lebanese Forces","242, 243","",2,"",1989,711,606,906,4,"Lebanon","660","652","","","660","660","2","23,1",260,1989
260,"532","Lebanon","Government of Lebanon","119","Government of Syria","Forces of Michel Aoun","242","",2,"",1990,700,400,800,4,"Lebanon","660","652","","","660","660","2","23,1",260,1990
262,"537","Laos","Government of Laos","149","","LRM","246","",2,"",1989,30,30,30,3,"Laos","812","","","","812","812","3","23,1",262,1989
262,"537","Laos","Government of Laos","149","","LRM","246","",2,"",1990,249,45,249,3,"Laos","812","","","","812","812","3","23,1",262,1990
264,"549","Myanmar (Burma)","Government of Myanmar (Burma)","144","","MTA","255","",1,"Shan",1993,130,130,230,3,"Myanmar (Burma)","775","","","","775","775","3","23,1",264,1993
264,"549","Myanmar (Burma)","Government of Myanmar (Burma)","144","","MTA","255","",1,"Shan",1994,526,526,984,3,"Myanmar (Burma)","775","","","","775","775","3","23,1",264,1994
264,"549","Myanmar (Burma)","Government of Myanmar (Burma)","144","","MTA","255","",1,"Shan",1995,174,174,332,3,"Myanmar (Burma)","775","","","","775","775","3","23,1",264,1995
264,"550","Myanmar (Burma)","Government of Myanmar (Burma)","144","","RCSS","256","",1,"Shan",1996,25,25,25,3,"Myanmar (Burma)","775","","","","775","775","3","23,1",264,1996
264,"550","Myanmar (Burma)","Government of Myanmar (Burma)","144","","RCSS","256","",1,"Shan",1997,152,152,157,3,"Myanmar (Burma)","775","","","","775","775","3","23,1",264,1997
264,"550","Myanmar (Burma)","Government of Myanmar (Burma)","144","","RCSS","256","",1,"Shan",1998,25,4,25,3,"Myanmar (Burma)","775","","","","775","775","3","23,1",264,1998
264,"550","Myanmar (Burma)","Government of Myanmar (Burma)","144","","RCSS","256","",1,"Shan",1999,25,25,25,3,"Myanmar (Burma)","775","","","","775","775","3","23,1",264,1999
264,"550","Myanmar (Burma)","Government of Myanmar (Burma)","144","","RCSS","256","",1,"Shan",2000,69,69,69,3,"Myanmar (Burma)","775","","","","775","775","3","23,1",264,2000
264,"550","Myanmar (Burma)","Government of Myanmar (Burma)","144","","RCSS","256","",1,"Shan",2001,117,117,117,3,"Thailand, Myanmar (Burma)","775","","","","775","775, 800","3","23,1",264,2001
264,"550","Myanmar (Burma)","Government of Myanmar (Burma)","144","","RCSS","256","",1,"Shan",2002,184,183,250,3,"Thailand, Myanmar (Burma)","775","","","","775","775, 800","3","23,1",264,2002
264,"550","Myanmar (Burma)","Government of Myanmar (Burma)","144","","RCSS","256","",1,"Shan",2005,27,27,28,3,"Myanmar (Burma)","775","","","","775","775","3","23,1",264,2005
264,"550","Myanmar (Burma)","Government of Myanmar (Burma)","144","","RCSS","256","",1,"Shan",2006,48,38,49,3,"Myanmar (Burma)","775","","","","775","775","3","23,1",264,2006
264,"550","Myanmar (Burma)","Government of Myanmar (Burma)","144","","RCSS","256","",1,"Shan",2007,29,29,29,3,"Myanmar (Burma)","775","","","","775","775","3","23,1",264,2007
264,"550","Myanmar (Burma)","Government of Myanmar (Burma)","144","","RCSS","256","",1,"Shan",2008,31,31,31,3,"Myanmar (Burma)","775","","","","775","775","3","23,1",264,2008
264,"550","Myanmar (Burma)","Government of Myanmar (Burma)","144","","RCSS","256","",1,"Shan",2009,52,52,60,3,"Myanmar (Burma)","775","","","","775","775","3","23,1",264,2009
264,"550","Myanmar (Burma)","Government of Myanmar (Burma)","144","","RCSS","256","",1,"Shan",2010,36,36,36,3,"Myanmar (Burma)","775","","","","775","775","3","23,1",264,2010
264,"550, 11972","Myanmar (Burma)","Government of Myanmar (Burma)","144","","SSPP, RCSS","1122, 256","",1,"Shan",2011,170,169,172,3,"Myanmar (Burma)","775","","","","775","775","3","23,1",264,2011
264,"550, 11972","Myanmar (Burma)","Government of Myanmar (Burma)","144","","SSPP, RCSS","1122, 256","",1,"Shan",2013,83,80,85,3,"Myanmar (Burma)","775","","","","775","775","3","23,1",264,2013
264,"11972","Myanmar (Burma)","Government of Myanmar (Burma)","144","","SSPP","1122","",1,"Shan",2015,77,77,308,3,"Myanmar (Burma)","775","","","","775","775","3","23,1",264,2015
265,"12009","DR Congo (Zaire)","Government of DR Congo (Zaire)","89","Government of Tanzania, Government of South Africa, Government of Malawi","Kata Katanga","3967","",1,"Katanga",2020,54,41,77,4,"DR Congo (Zaire)","490","553, 560, 510","","","490","490","4","23,1",265,2020
265,"12009","DR Congo (Zaire)","Government of DR Congo (Zaire)","89","Government of Tanzania, Government of South Africa, Government of Malawi","Kata Katanga","3967","",1,"Katanga",2013,94,90,115,4,"DR Congo (Zaire)","490","553, 560, 510","","","490","490","4","23,1",265,2013
265,"12009","DR Congo (Zaire)","Government of DR Congo (Zaire)","89","Government of Tanzania, Government of South Africa, Government of Malawi","Kata Katanga","3967","",1,"Katanga",2014,60,30,60,4,"DR Congo (Zaire)","490","553, 560, 510","","","490","490","4","23,1",265,2014
267,"555","Ethiopia","Government of Ethiopia","97","Government of Eritrea","TPLF","410","",2,"",2020,1596,1493,3665,4,"Ethiopia","530","531","","","530","530","4","23,1",267,2020
267,"558, 559","Ethiopia","Government of Ethiopia","97","","EPRDF, Military faction (forces of Amsha Desta and Merid Negusie)","413, 414","",2,"",1989,18403,18403,18420,3,"Ethiopia","530","","","","530","530","4","23,1",267,1989
267,"555","Ethiopia","Government of Ethiopia","97","Government of Eritrea","TPLF","410","",2,"",2021,8789,8258,42218,4,"Ethiopia","530","531","","","530","530","4","23,1",267,2021
267,"16920, 555","Ethiopia","Government of Ethiopia","97","Government of Eritrea","GLF, TPLF","410, 8196","",2,"",2022,100321,100217,101861,4,"Eritrea, Ethiopia, Sudan","530","531","","","530","530, 531, 625","4","23,1",267,2022
267,"558, 12104","Ethiopia","Government of Ethiopia","97","","Forces of Harar garrison, EPRDF","414, 1215","",2,"",1991,4518,4518,5568,3,"Ethiopia","530","","","","530","530","4","23,1",267,1991
267,"558","Ethiopia","Government of Ethiopia","97","","EPRDF","414","",2,"",1990,18985,18985,18985,3,"Ethiopia","530","","","","530","530","4","23,1",267,1990
269,"562","Nepal","Government of Nepal","146","","CPN-M","258","",2,"",1996,44,44,46,3,"Nepal","790","","","","790","790","3","23,1",269,1996
269,"562","Nepal","Government of Nepal","146","","CPN-M","258","",2,"",1997,40,40,40,3,"Nepal","790","","","","790","790","3","23,1",269,1997
269,"562","Nepal","Government of Nepal","146","","CPN-M","258","",2,"",1998,250,118,302,3,"Nepal","790","","","","790","790","3","23,1",269,1998
269,"562","Nepal","Government of Nepal","146","","CPN-M","258","",2,"",1999,156,147,306,3,"Nepal","790","","","","790","790","3","23,1",269,1999
269,"562","Nepal","Government of Nepal","146","","CPN-M","258","",2,"",2000,268,259,295,3,"Nepal","790","","","","790","790","3","23,1",269,2000
269,"562","Nepal","Government of Nepal","146","","CPN-M","258","",2,"",2001,429,380,479,3,"Nepal","790","","","","790","790","3","23,1",269,2001
269,"562","Nepal","Government of Nepal","146","","CPN-M","258","",2,"",2002,3946,2773,4105,3,"Nepal","790","","","","790","790","3","23,1",269,2002
269,"562","Nepal","Government of Nepal","146","","CPN-M","258","",2,"",2003,1341,1275,1405,3,"Nepal","790","","","","790","790","3","23,1",269,2003
269,"562","Nepal","Government of Nepal","146","","CPN-M","258","",2,"",2004,1880,1848,2040,3,"Nepal","790","","","","790","790","3","23,1",269,2004
269,"562","Nepal","Government of Nepal","146","","CPN-M","258","",2,"",2005,1104,1100,1169,3,"Nepal","790","","","","790","790","3","23,1",269,2005
269,"562","Nepal","Government of Nepal","146","","CPN-M","258","",2,"",2006,457,452,477,3,"Nepal","790","","","","790","790","3","23,1",269,2006
271,"564, 565","Iraq","Government of Iraq","116","","KDP, PUK","260, 261","",1,"Kurdistan",1989,50,50,50,3,"Iraq","645","","","","645","645","2","23,1",271,1989
271,"564, 565","Iraq","Government of Iraq","116","","KDP, PUK","260, 261","",1,"Kurdistan",1990,94,94,94,3,"Iraq","645","","","","645","645","2","23,1",271,1990
271,"564, 565","Iraq","Government of Iraq","116","","KDP, PUK","260, 261","",1,"Kurdistan",1991,1247,1247,2603,3,"Iraq","645","","","","645","645","2","23,1",271,1991
271,"565","Iraq","Government of Iraq","116","","PUK","261","",1,"Kurdistan",1992,26,26,52,3,"Iraq","645","","","","645","645","2","23,1",271,1992
271,"565","Iraq","Government of Iraq","116","","PUK","261","",1,"Kurdistan",1995,262,262,302,3,"Iraq","645","","","","645","645","2","23,1",271,1995
271,"565","Iraq","Government of Iraq","116","","PUK","261","",1,"Kurdistan",1996,356,356,366,3,"Iraq, Iran","645","","","","645","630, 645","2","23,1",271,1996
14609,"15633","Iran, Israel","Government of Iran","114","","Government of Israel","121","",2,"",2018,111,111,127,2,"Syria","630","","666","","666, 630","652","2","23,1",14609,2018
14609,"15633","Iran, Israel","Government of Iran","114","","Government of Israel","121","",2,"",2019,138,113,153,2,"Syria","630","","666","","666, 630","652","2","23,1",14609,2019
14609,"15633","Iran, Israel","Government of Iran","114","","Government of Israel","121","Government of United States of America",2,"",2020,461,398,473,2,"Syria, Iraq, Yemen (North Yemen), Iran","630","","666","2","666, 630","652, 678, 630, 645","2","23,1",14609,2020
14609,"15633","Iran, Israel","Government of Iran","114","","Government of Israel","121","Government of United States of America",2,"",2021,162,157,172,2,"Syria","630","","666","2","666, 630","652","2","23,1",14609,2021
14609,"15633","Iran, Israel","Government of Iran","114","","Government of Israel","121","Government of United States of America",2,"",2022,55,55,85,2,"Syria, Yemen (North Yemen)","630","","666","2","666, 630","652, 678","2","23,1",14609,2022
274,"569","India, China","Government of China","135","","Government of India","141","",1,"Arunachal Pradesh, Aksai Chin",2020,25,25,25,2,"India","710","","750","","710, 750","750","3","23,1",274,2020
275,"571","Ethiopia","Government of Ethiopia","97","","EPLF","416","",1,"Eritrea",1989,5930,5930,5930,3,"Ethiopia","530","","","","530","530","4","23,1",275,1989
275,"571","Ethiopia","Government of Ethiopia","97","","EPLF","416","",1,"Eritrea",1990,30633,30633,30633,3,"Ethiopia","530","","","","530","530","4","23,1",275,1990
275,"571","Ethiopia","Government of Ethiopia","97","","EPLF","416","",1,"Eritrea",1991,6907,6904,6907,3,"Ethiopia","530","","","","530","530","4","23,1",275,1991
13588,"14619","Russia (Soviet Union)","Government of Russia (Soviet Union)","57","","IS","234","",1,"Islamic State",2016,69,64,85,3,"Russia (Soviet Union)","365","","","","365","365","1","23,1",13588,2016
13588,"14619","Russia (Soviet Union)","Government of Russia (Soviet Union)","57","","IS","234","",1,"Islamic State",2017,53,53,76,3,"Russia (Soviet Union)","365","","","","365","365","1","23,1",13588,2017
13588,"14619","Russia (Soviet Union)","Government of Russia (Soviet Union)","57","","IS","234","",1,"Islamic State",2018,30,30,30,3,"Russia (Soviet Union)","365","","","","365","365","1","23,1",13588,2018
13588,"14619","Russia (Soviet Union)","Government of Russia (Soviet Union)","57","","IS","234","",1,"Islamic State",2019,26,26,27,3,"Russia (Soviet Union)","365","","","","365","365","1","23,1",13588,2019
13588,"14619","Russia (Soviet Union)","Government of Russia (Soviet Union)","57","","IS","234","",1,"Islamic State",2020,30,24,31,3,"Russia (Soviet Union)","365","","","","365","365","1","23,1",13588,2020
13588,"14619","Russia (Soviet Union)","Government of Russia (Soviet Union)","57","","IS","234","",1,"Islamic State",2015,55,55,57,3,"Russia (Soviet Union)","365","","","","365","365","1","23,1",13588,2015
277,"575","Venezuela","Government of Venezuela","18","","Military faction (forces of Hugo Chávez)","742","",2,"",1992,144,144,263,3,"Venezuela","101","","","","101","101","5","23,1",277,1992
283,"584","DR Congo (Zaire)","Government of DR Congo (Zaire)","89","","AFDL","422","Government of Rwanda",2,"",1996,1288,1148,1836,4,"DR Congo (Zaire)","490","","","517","490","490","4","23,1",283,1996
283,"584","DR Congo (Zaire)","Government of DR Congo (Zaire)","89","","AFDL","422","Government of Uganda, Government of Rwanda, Government of Angola",2,"",1997,4465,4046,4834,4,"DR Congo (Zaire)","490","","","540, 500, 517","490","490","4","23,1",283,1997
283,"586, 585","DR Congo (Zaire)","Government of DR Congo (Zaire)","89","Government of Zimbabwe (Rhodesia), Government of Namibia, Government of Chad, Government of Angola","RCD, MLC","424, 423","Government of Uganda, Government of Rwanda",2,"",1998,3268,3022,5711,4,"DR Congo (Zaire)","490","565, 540, 552, 483","","500, 517","490","490","4","23,1",283,1998
283,"586, 585","DR Congo (Zaire)","Government of DR Congo (Zaire)","89","Government of Zimbabwe (Rhodesia), Government of Namibia, Government of Chad, Government of Angola","RCD, MLC","424, 423","Government of Uganda, Government of Rwanda",2,"",1999,2953,2598,3229,4,"DR Congo (Zaire)","490","565, 540, 552, 483","","500, 517","490","490","4","23,1",283,1999
283,"586, 585","DR Congo (Zaire)","Government of DR Congo (Zaire)","89","Government of Zimbabwe (Rhodesia), Government of Namibia, Government of Angola","RCD, MLC","424, 423","Government of Uganda, Government of Rwanda",2,"",2000,1294,1260,2458,4,"DR Congo (Zaire)","490","565, 540, 552","","500, 517","490","490","4","23,1",283,2000
283,"586","DR Congo (Zaire)","Government of DR Congo (Zaire)","89","Government of Zimbabwe (Rhodesia), Government of Namibia, Government of Angola","RCD","424","Government of Rwanda",2,"",2001,454,454,734,4,"DR Congo (Zaire)","490","565, 540, 552","","517","490","490","4","23,1",283,2001
283,"16286","DR Congo (Zaire)","Government of DR Congo (Zaire)","89","","RNL","7098","",2,"",2005,34,34,34,3,"DR Congo (Zaire)","490","","","","490","490","4","23,1",283,2005
283,"588","DR Congo (Zaire)","Government of DR Congo (Zaire)","89","","CNDP","426","",2,"",2006,182,54,362,3,"DR Congo (Zaire), Uganda","490","","","","490","500, 490","4","23,1",283,2006
283,"588","DR Congo (Zaire)","Government of DR Congo (Zaire)","89","","CNDP","426","",2,"",2007,516,516,553,3,"DR Congo (Zaire)","490","","","","490","490","4","23,1",283,2007
283,"588","DR Congo (Zaire)","Government of DR Congo (Zaire)","89","","CNDP","426","",2,"",2008,486,486,486,3,"DR Congo (Zaire)","490","","","","490","490","4","23,1",283,2008
283,"11377","DR Congo (Zaire)","Government of DR Congo (Zaire)","89","","CNPSC","3043","",2,"",2011,41,41,41,3,"DR Congo (Zaire)","490","","","","490","490","4","23,1",283,2011
283,"11377, 11982, 14808","DR Congo (Zaire)","Government of DR Congo (Zaire)","89","","CNPSC, UPCP, M23","3043, 1160, 3518","Government of Uganda, Government of Rwanda",2,"",2012,734,678,851,4,"Rwanda, DR Congo (Zaire)","490","","","500, 517","490","517, 490","4","23,1",283,2012
283,"11982, 12463, 10509","DR Congo (Zaire)","Government of DR Congo (Zaire)","89","Government of Tanzania, Government of South Africa, Government of Malawi","Forces of Paul Joseph Mukungubila, APCLS, M23","4286, 1200, 1160","Government of Rwanda",2,"",2013,1380,1360,1390,4,"Rwanda, DR Congo (Zaire)","490","553, 560, 510","","517","490","517, 490","4","23,1",283,2013
283,"11377, 10509","DR Congo (Zaire)","Government of DR Congo (Zaire)","89","Government of Tanzania, Government of South Africa, Government of Malawi","CNPSC, APCLS","3043, 1200","",2,"",2014,86,63,106,4,"DR Congo (Zaire)","490","553, 560, 510","","","490","490","4","23,1",283,2014
283,"16286, 14929","DR Congo (Zaire)","Government of DR Congo (Zaire)","89","","Kamuina Nsapu, RNL","6590, 7098","",2,"",2016,506,308,1822,3,"DR Congo (Zaire)","490","","","","490","490","4","23,1",283,2016
283,"15135, 11377, 11982, 14929","DR Congo (Zaire)","Government of DR Congo (Zaire)","89","Government of Tanzania, Government of South Africa, Government of Malawi","Kamuina Nsapu, MNR, CNPSC, M23","3043, 6590, 6740, 1160","",2,"",2017,3309,3067,4265,4,"DR Congo (Zaire)","490","553, 560, 510","","","490","490","4","23,1",283,2017
283,"11377, 14929, 15389, 15336","DR Congo (Zaire)","Government of DR Congo (Zaire)","89","Government of Tanzania, Government of South Africa, Government of Malawi","Kamuina Nsapu, CMC, CNPSC, UPLC","6894, 3043, 6590, 6920","",2,"",2018,439,439,453,4,"DR Congo (Zaire)","490","553, 560, 510","","","490","490","4","23,1",283,2018
283,"11377, 15389, 15336","DR Congo (Zaire)","Government of DR Congo (Zaire)","89","Government of Tanzania, Government of South Africa, Government of Malawi","CMC, CNPSC, UPLC","6894, 3043, 6920","",2,"",2019,177,177,179,4,"DR Congo (Zaire)","490","553, 560, 510","","","490","490","4","23,1",283,2019
283,"11377, 15389, 10509","DR Congo (Zaire)","Government of DR Congo (Zaire)","89","Government of Tanzania, Government of South Africa, Government of Malawi","CMC, CNPSC, APCLS","6920, 3043, 1200","",2,"",2020,223,213,246,4,"DR Congo (Zaire)","490","553, 560, 510","","","490","490","4","23,1",283,2020
283,"11377, 16286, 15389, 11982, 10509","DR Congo (Zaire)","Government of DR Congo (Zaire)","89","Government of Tanzania, Government of Kenya, Government of South Africa, Government of Nepal","CNPSC, RNL, APCLS, M23, CMC","3043, 6920, 1160, 1200, 7098","",2,"",2021,396,384,420,4,"DR Congo (Zaire)","490","560, 501, 790, 510","","","490","490","4","23,1",283,2021
283,"11377, 16286, 16823, 16129, 11982","DR Congo (Zaire)","Government of DR Congo (Zaire)","89","Government of Tanzania, Government of Ukraine, Government of Bangladesh, Government of Nepal, Government of South Africa, Government of Burundi, Government of Uganda, Government of Kenya, Government of Indonesia, Government of South Sudan, Government of Malawi","CNPSC, RNL, Mayi Mayi Kyandenga, M23, Mayi Mayi Biloze Bishambuke","6896, 3043, 7107, 1160, 7098","Government of Rwanda",2,"",2022,543,535,582,4,"Rwanda, DR Congo (Zaire)","490","369, 790, 500, 771, 501, 516, 560, 626, 510, 553, 850","","517","490","517, 490","4","23,1",283,2022
287,"593","Burundi","Government of Burundi","93","","Palipehutu","430","",2,"",1991,272,272,551,3,"Burundi","516","","","","516","516","4","23,1",287,1991
287,"593","Burundi","Government of Burundi","93","","Palipehutu","430","",2,"",1992,61,61,61,3,"Burundi","516","","","","516","516","4","23,1",287,1992
287,"594","Burundi","Government of Burundi","93","","CNDD","431","",2,"",1994,56,56,532,3,"Burundi","516","","","","516","516","4","23,1",287,1994
287,"594","Burundi","Government of Burundi","93","","CNDD","431","",2,"",1995,254,235,526,3,"Burundi","516","","","","516","516","4","23,1",287,1995
287,"594","Burundi","Government of Burundi","93","","CNDD","431","",2,"",1996,531,496,962,3,"Burundi","516","","","","516","516","4","23,1",287,1996
287,"596, 594, 595","Burundi","Government of Burundi","93","","Palipehutu-FNL, Frolina, CNDD","432, 433, 431","",2,"",1997,639,539,1216,3,"Burundi","516","","","","516","516","4","23,1",287,1997
287,"597, 596, 594","Burundi","Government of Burundi","93","","CNDD-FDD, Palipehutu-FNL, CNDD","432, 434, 431","",2,"",1998,621,621,740,3,"Burundi","516","","","","516","516","4","23,1",287,1998
287,"597, 596","Burundi","Government of Burundi","93","","CNDD-FDD, Palipehutu-FNL","432, 434","",2,"",1999,524,321,679,3,"Burundi","516","","","","516","516","4","23,1",287,1999
287,"597, 596","Burundi","Government of Burundi","93","","CNDD-FDD, Palipehutu-FNL","432, 434","",2,"",2000,1347,1226,2122,3,"Burundi","516","","","","516","516","4","23,1",287,2000
287,"597, 596","Burundi","Government of Burundi","93","","CNDD-FDD, Palipehutu-FNL","432, 434","",2,"",2001,1182,1169,2488,3,"Burundi","516","","","","516","516","4","23,1",287,2001
287,"597, 596","Burundi","Government of Burundi","93","","CNDD-FDD, Palipehutu-FNL","432, 434","",2,"",2002,1127,795,1604,3,"Burundi, DR Congo (Zaire)","516","","","","516","516, 490","4","23,1",287,2002
287,"597, 596","Burundi","Government of Burundi","93","","CNDD-FDD, Palipehutu-FNL","432, 434","",2,"",2003,985,985,1154,3,"Burundi","516","","","","516","516","4","23,1",287,2003
287,"596","Burundi","Government of Burundi","93","","Palipehutu-FNL","432","",2,"",2004,387,367,425,3,"Burundi","516","","","","516","516","4","23,1",287,2004
287,"596","Burundi","Government of Burundi","93","","Palipehutu-FNL","432","",2,"",2005,286,286,356,3,"Burundi","516","","","","516","516","4","23,1",287,2005
287,"596","Burundi","Government of Burundi","93","","Palipehutu-FNL","432","",2,"",2006,141,141,141,3,"Burundi","516","","","","516","516","4","23,1",287,2006
287,"596","Burundi","Government of Burundi","93","","Palipehutu-FNL","432","",2,"",2008,201,201,205,3,"Burundi","516","","","","516","516","4","23,1",287,2008
287,"14842","Burundi","Government of Burundi","93","","RED-TABARA","6513","",2,"",2014,56,56,56,3,"Burundi","516","","","","516","516","4","23,1",287,2014
287,"14649, 14842, 14528","Burundi","Government of Burundi","93","","Military faction (forces of Godefroid Niyombare), FPB, RED-TABARA","6297, 6513, 6187","",2,"",2015,185,185,188,3,"Burundi","516","","","","516","516","4","23,1",287,2015
287,"14842","Burundi","Government of Burundi","93","Government of DR Congo (Zaire)","RED-TABARA","6513","",2,"",2019,61,60,96,4,"Burundi, DR Congo (Zaire)","516","490","","","516","516, 490","4","23,1",287,2019
287,"14842, 11798","Burundi","Government of Burundi","93","Government of DR Congo (Zaire)","FNL-Ubugabo-Burihabwa, RED-TABARA","6513, 3553","",2,"",2020,139,135,201,4,"Burundi, DR Congo (Zaire)","516","490","","","516","516, 490","4","23,1",287,2020
287,"14842","Burundi","Government of Burundi","93","Government of DR Congo (Zaire)","RED-TABARA","6513","",2,"",2021,26,26,29,4,"Burundi, DR Congo (Zaire)","516","490","","","516","516, 490","4","23,1",287,2021
287,"14842, 11798","Burundi","Government of Burundi","93","Government of DR Congo (Zaire)","FNL-Ubugabo-Burihabwa, RED-TABARA","6513, 3553","",2,"",2022,234,226,260,4,"DR Congo (Zaire)","516","490","","","516","490","4","23,1",287,2022
288,"606, 607, 608","Chad","Government of Chad","87","","MOSANAT, Islamic Legion, Revolutionary Forces of 1 April","442, 443, 444","",2,"",1989,315,315,1585,3,"Chad, Sudan","483","","","","483","625, 483","4","23,1",288,1989
288,"606, 609","Chad","Government of Chad","87","","MPS, Islamic Legion","442, 445","",2,"",1990,1352,1352,8932,3,"Chad, Sudan","483","","","","483","625, 483","4","23,1",288,1990
288,"610, 611","Chad","Government of Chad","87","","Military faction (forces of Maldoum Bada Abbas), MDD","449, 446","",2,"",1991,68,68,68,3,"Chad","483","","","","483","483","4","23,1",288,1991
288,"610, 613, 612, 614","Chad","Government of Chad","87","","CSNPD, FNT, CNR, MDD","450, 446, 447, 448","",2,"",1992,899,899,1553,3,"Chad","483","","","","483","483","4","23,1",288,1992
288,"610, 613, 612, 614","Chad","Government of Chad","87","","CSNPD, FNT, CNR, MDD","450, 446, 447, 448","",2,"",1993,120,120,120,3,"Chad","483","","","","483","483","4","23,1",288,1993
288,"613, 612, 614","Chad","Government of Chad","87","","CSNPD, FNT, CNR","450, 447, 448","",2,"",1994,156,156,260,3,"Chad","483","","","","483","483","4","23,1",288,1994
288,"610, 615","Chad","Government of Chad","87","","FARF, MDD","451, 446","",2,"",1997,97,97,97,3,"Chad","483","","","","483","483","4","23,1",288,1997
288,"615","Chad","Government of Chad","87","","FARF","451","",2,"",1998,34,34,34,3,"Chad","483","","","","483","483","4","23,1",288,1998
288,"616","Chad","Government of Chad","87","","MDJT","452","",2,"",1999,394,394,1149,3,"Chad","483","","","","483","483","4","23,1",288,1999
288,"616","Chad","Government of Chad","87","","MDJT","452","",2,"",2000,989,989,1041,3,"Chad","483","","","","483","483","4","23,1",288,2000
288,"616","Chad","Government of Chad","87","","MDJT","452","",2,"",2001,226,226,326,3,"Chad","483","","","","483","483","4","23,1",288,2001
288,"616","Chad","Government of Chad","87","","MDJT","452","",2,"",2002,294,294,350,3,"Chad","483","","","","483","483","4","23,1",288,2002
288,"616","Chad","Government of Chad","87","","MDJT","452","",2,"",2003,37,37,189,3,"Chad","483","","","","483","483","4","23,1",288,2003
288,"617","Chad","Government of Chad","87","","FUCD","453","",2,"",2005,100,100,356,3,"Chad","483","","","","483","483","4","23,1",288,2005
288,"619, 617, 618","Chad","Government of Chad","87","","FUCD, RAFD, UFDD","456, 454, 453","",2,"",2006,1250,1250,2623,3,"Chad","483","","","","483","483","4","23,1",288,2006
288,"619","Chad","Government of Chad","87","","UFDD","456","",2,"",2007,69,69,380,3,"Chad","483","","","","483","483","4","23,1",288,2007
288,"620","Chad","Government of Chad","87","","AN","716","",2,"",2008,991,991,1361,3,"Chad","483","","","","483","483","4","23,1",288,2008
288,"621","Chad","Government of Chad","87","","UFR","1069","",2,"",2009,131,131,324,3,"Chad","483","","","","483","483","4","23,1",288,2009
288,"622","Chad","Government of Chad","87","","FPRN","1112","",2,"",2010,42,42,83,3,"Chad, Sudan","483","","","","483","625, 483","4","23,1",288,2010
288,"15676","Chad","Government of Chad","87","","CCMSR","7151","",2,"",2018,42,42,89,3,"Chad","483","","","","483","483","4","23,1",288,2018
288,"15676","Chad","Government of Chad","87","","CCMSR","7151","",2,"",2020,53,6,53,3,"Chad","483","","","","483","483","4","23,1",288,2020
288,"16743","Chad","Government of Chad","87","","FACT","7255","",2,"",2021,431,431,631,3,"Chad","483","","","","483","483","4","23,1",288,2021
14113,"15259","Mali","Government of Mali","72","Government of Germany, Government of Ghana, Government of Senegal, Government of Guinea-Bissau, Government of Jordan, Government of Indonesia, Government of Portugal, Government of El Salvador, Government of Italy, Government of Netherlands, Government of Egypt, Government of Benin, Government of Ivory Coast, Government of France, Government of Finland, Government of Belgium, Government of Tunisia, Government of Cambodia (Kampuchea), Government of Burundi, Government of Togo, Government of Romania, Government of Austria, Government of Sri Lanka, Government of Niger, Government of China, Government of Denmark, Government of Bangladesh, Government of Mauritania, Government of Nepal, Government of Armenia, Government of Nigeria, Government of Cameroon, Government of Liberia, Government of Ethiopia, Government of Bosnia-Herzegovina, Government of Chad, Government of United States of America, Government of Guinea, Government of Bhutan, Government of Burkina Faso, Government of Hungary, Government of Lithuania, Government of Sweden, Government of Estonia, Government of Switzerland, Government of Gambia, Government of Kenya, Government of Norway, Government of Czech Republic, Government of Yemen (North Yemen), Government of Sierra Leone, Government of Latvia, Government of United Kingdom","IS","234","",1,"Islamic State",2017,47,47,47,4,"Mali","432","501, 92, 439, 516, 367, 451, 530, 316, 760, 375, 420, 461, 678, 475, 811, 771, 390, 368, 225, 438, 325, 366, 471, 404, 433, 710, 663, 452, 437, 651, 435, 310, 616, 305, 371, 385, 434, 436, 790, 211, 260, 483, 200, 780, 380, 2, 235, 450, 360, 210, 220, 346, 850","","","432","432","4","23,1",14113,2017
14113,"15259","Mali","Government of Mali","72","Government of Germany, Government of Ghana, Government of Mexico, Government of Senegal, Government of Jordan, Government of Indonesia, Government of Portugal, Government of El Salvador, Government of Italy, Government of Netherlands, Government of Egypt, Government of Benin, Government of Ivory Coast, Government of France, Government of Finland, Government of Belgium, Government of Tunisia, Government of Cambodia (Kampuchea), Government of Burundi, Government of Togo, Government of Romania, Government of Austria, Government of Sri Lanka, Government of Madagascar, Government of New Zealand, Government of Niger, Government of Guatemala, Government of China, Government of Denmark, Government of Bangladesh, Government of Mauritania, Government of Nepal, Government of Armenia, Government of Nigeria, Government of Cameroon, Government of Liberia, Government of Ethiopia, Government of Bosnia-Herzegovina, Government of Chad, Government of United States of America, Government of Canada, Government of Guinea, Government of Bhutan, Government of Burkina Faso, Government of Hungary, Government of Lithuania, Government of Spain, Government of Sweden, Government of Estonia, Government of Switzerland, Government of Gambia, Government of Kenya, Government of Norway, Government of Czech Republic, Government of Pakistan, Government of Turkey, Government of Sierra Leone, Government of Latvia, Government of United Kingdom","IS","234","",1,"Islamic State",2018,119,114,155,4,"Mali","432","501, 92, 920, 439, 516, 367, 451, 530, 20, 316, 760, 375, 420, 461, 475, 811, 771, 390, 368, 225, 438, 640, 325, 230, 366, 471, 580, 433, 710, 663, 452, 437, 651, 435, 310, 616, 305, 371, 385, 434, 436, 770, 790, 211, 260, 483, 90, 200, 780, 380, 2, 235, 450, 360, 210, 220, 70, 346, 850","","","432","432","4","23,1",14113,2018
14113,"15259","Mali","Government of Mali","72","Government of Germany, Government of Ghana, Government of Mexico, Government of Senegal, Government of Jordan, Government of Indonesia, Government of Portugal, Government of El Salvador, Government of Italy, Government of Netherlands, Government of Egypt, Government of Benin, Government of Ivory Coast, Government of France, Government of Finland, Government of Belgium, Government of Tunisia, Government of Cambodia (Kampuchea), Government of Burundi, Government of Togo, Government of Romania, Government of Austria, Government of Sri Lanka, Government of Madagascar, Government of Niger, Government of Guatemala, Government of China, Government of Denmark, Government of Bangladesh, Government of Mauritania, Government of Nepal, Government of Armenia, Government of Nigeria, Government of Cameroon, Government of Liberia, Government of Ethiopia, Government of Bosnia-Herzegovina, Government of Chad, Government of United States of America, Government of Canada, Government of Guinea, Government of Bhutan, Government of Burkina Faso, Government of Ireland, Government of Lithuania, Government of Spain, Government of Sweden, Government of Ukraine, Government of Estonia, Government of Switzerland, Government of Gambia, Government of Kenya, Government of Norway, Government of Czech Republic, Government of Pakistan, Government of Turkey, Government of Sierra Leone, Government of Latvia, Government of United Kingdom","IS","234","",1,"Islamic State",2019,181,174,195,4,"Mali","432","369, 205, 501, 92, 439, 516, 367, 451, 530, 20, 316, 760, 375, 420, 461, 475, 811, 771, 390, 368, 225, 438, 640, 325, 230, 366, 471, 580, 433, 710, 663, 452, 437, 651, 435, 616, 305, 371, 385, 434, 436, 770, 790, 211, 260, 483, 90, 200, 780, 380, 2, 235, 450, 360, 210, 220, 70, 346, 850","","","432","432","4","23,1",14113,2019
14113,"15259","Mali","Government of Mali","72","Government of Germany, Government of Ghana, Government of Mexico, Government of Iran, Government of Senegal, Government of Jordan, Government of Indonesia, Government of Portugal, Government of El Salvador, Government of Italy, Government of Netherlands, Government of Zambia, Government of Egypt, Government of Benin, Government of Ivory Coast, Government of Australia, Government of Finland, Government of France, Government of Belgium, Government of Tunisia, Government of Cambodia (Kampuchea), Government of Burundi, Government of Togo, Government of Romania, Government of Austria, Government of Sri Lanka, Government of Madagascar, Government of Niger, Government of Guatemala, Government of China, Government of Denmark, Government of Bangladesh, Government of Mauritania, Government of Nepal, Government of Armenia, Government of Nigeria, Government of Cameroon, Government of Liberia, Government of Ethiopia, Government of Bosnia-Herzegovina, Government of Chad, Government of United States of America, Government of Canada, Government of Guinea, Government of Bhutan, Government of Burkina Faso, Government of Ireland, Government of Lithuania, Government of Spain, Government of Sweden, Government of Ukraine, Government of Estonia, Government of Switzerland, Government of Gambia, Government of Kenya, Government of Norway, Government of Czech Republic, Government of Pakistan, Government of Sierra Leone, Government of Latvia, Government of United Kingdom","IS","234","",1,"Islamic State",2020,63,58,106,4,"Mali","432","369, 205, 501, 92, 439, 516, 367, 451, 530, 20, 316, 760, 375, 420, 461, 475, 811, 771, 390, 368, 225, 438, 325, 230, 471, 366, 580, 433, 710, 663, 452, 437, 651, 435, 616, 305, 371, 385, 434, 436, 770, 790, 900, 551, 211, 260, 483, 90, 200, 780, 630, 380, 2, 235, 450, 360, 210, 220, 70, 346, 850","","","432","432","4","23,1",14113,2020
14113,"15259","Mali","Government of Mali","72","Government of Germany, Government of Ghana, Government of Mexico, Government of Iran, Government of Senegal, Government of Jordan, Government of Indonesia, Government of Portugal, Government of El Salvador, Government of Italy, Government of Netherlands, Government of Zambia, Government of Egypt, Government of Benin, Government of Ivory Coast, Government of Australia, Government of Finland, Government of France, Government of Belgium, Government of Tunisia, Government of Cambodia (Kampuchea), Government of Burundi, Government of Togo, Government of Romania, Government of Austria, Government of Sri Lanka, Government of Niger, Government of Guatemala, Government of China, Government of Denmark, Government of Bangladesh, Government of Mauritania, Government of Nepal, Government of Armenia, Government of Nigeria, Government of Cameroon, Government of Liberia, Government of Ethiopia, Government of Bosnia-Herzegovina, Government of Chad, Government of United States of America, Government of Canada, Government of Guinea, Government of Luxembourg, Government of Bhutan, Government of Burkina Faso, Government of Ireland, Government of Lithuania, Government of Spain, Government of Sweden, Government of Ukraine, Government of Estonia, Government of Switzerland, Government of Gambia, Government of Kenya, Government of Norway, Government of Czech Republic, Government of Pakistan, Government of Turkey, Government of Sierra Leone, Government of Latvia, Government of United Kingdom","IS","234","",1,"Islamic State",2021,110,110,129,4,"Mali","432","369, 205, 501, 92, 439, 516, 367, 451, 530, 20, 316, 760, 375, 420, 461, 475, 811, 771, 390, 368, 225, 438, 640, 212, 325, 230, 471, 366, 433, 710, 663, 452, 437, 651, 435, 616, 305, 371, 385, 434, 436, 770, 790, 900, 551, 211, 260, 483, 90, 200, 780, 630, 380, 2, 235, 450, 360, 210, 220, 70, 346, 850","","","432","432","4","23,1",14113,2021
14113,"15259","Mali","Government of Mali","72","Government of Germany, Government of Ghana, Government of Mexico, Government of Iran, Government of Senegal, Government of Jordan, Government of Indonesia, Government of Portugal, Government of El Salvador, Government of Italy, Government of Netherlands, Government of Egypt, Government of Benin, Government of Ivory Coast, Government of Australia, Government of Finland, Government of France, Government of Belgium, Government of Tunisia, Government of Cambodia (Kampuchea), Government of Burundi, Government of Togo, Government of Romania, Government of Austria, Government of Sri Lanka, Government of Niger, Government of Guatemala, Government of China, Government of Denmark, Government of Bangladesh, Government of Mauritania, Government of Nepal, Government of Greece, Government of Nigeria, Government of Cameroon, Government of Liberia, Government of Chad, Government of United States of America, Government of Canada, Government of Guinea, Government of Luxembourg, Government of Bhutan, Government of Burkina Faso, Government of Lithuania, Government of Spain, Government of Sweden, Government of Estonia, Government of Switzerland, Government of Gambia, Government of Kenya, Government of Norway, Government of Czech Republic, Government of Pakistan, Government of Turkey, Government of Sierra Leone, Government of Latvia, Government of United Kingdom","IS","234","",1,"Islamic State",2022,323,323,436,4,"Mali","432","501, 92, 439, 516, 367, 451, 20, 316, 760, 375, 420, 461, 475, 811, 771, 390, 368, 225, 438, 640, 212, 325, 230, 366, 471, 433, 710, 663, 452, 437, 651, 435, 616, 305, 385, 434, 436, 770, 790, 900, 211, 90, 483, 200, 350, 780, 630, 380, 2, 235, 450, 360, 210, 220, 70, 260, 850","","","432","432","4","23,1",14113,2022
289,"624, 623, 626","Colombia","Government of Colombia","17","","FARC, EPL, ELN","746, 743, 744","",2,"",1989,238,237,944,3,"Colombia","100","","","","100","100","5","23,1",289,1989
289,"624, 623, 626","Colombia","Government of Colombia","17","","FARC, EPL, ELN","746, 743, 744","",2,"",1990,501,501,568,3,"Colombia","100","","","","100","100","5","23,1",289,1990
289,"624, 623","Colombia","Government of Colombia","17","","FARC, ELN","743, 744","",2,"",1991,725,725,754,3,"Colombia","100","","","","100","100","5","23,1",289,1991
289,"624, 623","Colombia","Government of Colombia","17","","FARC, ELN","743, 744","",2,"",1992,1479,1479,1503,3,"Colombia","100","","","","100","100","5","23,1",289,1992
289,"624, 623","Colombia","Government of Colombia","17","","FARC, ELN","743, 744","",2,"",1993,182,182,192,3,"Colombia","100","","","","100","100","5","23,1",289,1993
289,"624, 623","Colombia","Government of Colombia","17","","FARC, ELN","743, 744","",2,"",1994,1123,1123,1334,3,"Colombia","100","","","","100","100","5","23,1",289,1994
289,"624, 623","Colombia","Government of Colombia","17","","FARC, ELN","743, 744","",2,"",1995,823,823,828,3,"Colombia","100","","","","100","100","5","23,1",289,1995
289,"624, 623","Colombia","Government of Colombia","17","","FARC, ELN","743, 744","",2,"",1996,1192,1185,1229,3,"Colombia","100","","","","100","100","5","23,1",289,1996
289,"624, 623","Colombia","Government of Colombia","17","","FARC, ELN","743, 744","",2,"",1997,560,560,676,3,"Colombia","100","","","","100","100","5","23,1",289,1997
289,"624, 623","Colombia","Government of Colombia","17","","FARC, ELN","743, 744","",2,"",1998,939,938,1384,3,"Colombia","100","","","","100","100","5","23,1",289,1998
289,"624, 623","Colombia","Government of Colombia","17","","FARC, ELN","743, 744","",2,"",1999,1374,1353,1663,3,"Colombia","100","","","","100","100","5","23,1",289,1999
289,"624, 623, 15558","Colombia","Government of Colombia","17","","FARC, EPL - Megateo, ELN","743, 7074, 744","",2,"",2000,1870,1856,2189,3,"Colombia","100","","","","100","100","5","23,1",289,2000
289,"624, 623","Colombia","Government of Colombia","17","","FARC, ELN","743, 744","",2,"",2001,1864,1859,1983,3,"Colombia","100","","","","100","100","5","23,1",289,2001
289,"624, 623, 15558","Colombia","Government of Colombia","17","","FARC, EPL - Megateo, ELN","743, 7074, 744","",2,"",2002,3379,3320,3914,3,"Colombia","100","","","","100","100","5","23,1",289,2002
289,"624, 623","Colombia","Government of Colombia","17","","FARC, ELN","743, 744","",2,"",2003,1597,1572,1620,3,"Colombia","100","","","","100","100","5","23,1",289,2003
289,"624, 623, 15558","Colombia","Government of Colombia","17","","FARC, EPL - Megateo, ELN","743, 7074, 744","",2,"",2004,1234,1210,1286,3,"Colombia","100","","","","100","100","5","23,1",289,2004
289,"624, 623","Colombia","Government of Colombia","17","","FARC, ELN","743, 744","",2,"",2005,1389,1389,1455,3,"Colombia","100","","","","100","100","5","23,1",289,2005
289,"624, 623","Colombia","Government of Colombia","17","","FARC, ELN","743, 744","",2,"",2006,502,502,514,3,"Colombia","100","","","","100","100","5","23,1",289,2006
289,"623","Colombia","Government of Colombia","17","","FARC","743","",2,"",2007,316,316,323,3,"Colombia, Venezuela","100","","","","100","100, 101","5","23,1",289,2007
289,"624, 623","Colombia","Government of Colombia","17","","FARC, ELN","743, 744","",2,"",2008,244,240,253,3,"Colombia, Ecuador","100","","","","100","130, 100","5","23,1",289,2008
289,"623","Colombia","Government of Colombia","17","","FARC","743","",2,"",2009,377,377,421,3,"Colombia","100","","","","100","100","5","23,1",289,2009
289,"624, 623","Colombia","Government of Colombia","17","","FARC, ELN","743, 744","",2,"",2010,419,419,425,3,"Colombia","100","","","","100","100","5","23,1",289,2010
289,"623","Colombia","Government of Colombia","17","","FARC","743","",2,"",2011,202,202,208,3,"Colombia","100","","","","100","100","5","23,1",289,2011
289,"623","Colombia","Government of Colombia","17","","FARC","743","",2,"",2012,211,211,310,3,"Colombia","100","","","","100","100","5","23,1",289,2012
289,"624, 623","Colombia","Government of Colombia","17","","FARC, ELN","743, 744","",2,"",2013,140,140,183,3,"Colombia","100","","","","100","100","5","23,1",289,2013
289,"623","Colombia","Government of Colombia","17","","FARC","743","",2,"",2014,119,119,119,3,"Colombia","100","","","","100","100","5","23,1",289,2014
289,"624, 623","Colombia","Government of Colombia","17","","FARC, ELN","743, 744","",2,"",2015,134,134,140,3,"Colombia","100","","","","100","100","5","23,1",289,2015
289,"624","Colombia","Government of Colombia","17","","ELN","744","",2,"",2016,30,30,30,3,"Colombia","100","","","","100","100","5","23,1",289,2016
289,"624, 17247","Colombia","Government of Colombia","17","","FARC - Mordisco, ELN","8468, 744","",2,"",2018,131,131,131,3,"Colombia","100","","","","100","100","5","23,1",289,2018
289,"624, 17247","Colombia","Government of Colombia","17","","FARC - Mordisco, ELN","8468, 744","",2,"",2019,115,115,119,3,"Colombia, Ecuador","100","","","","100","130, 100","5","23,1",289,2019
289,"17247","Colombia","Government of Colombia","17","","FARC - Mordisco","8468","",2,"",2020,28,28,28,3,"Colombia, Peru","100","","","","100","135, 100","5","23,1",289,2020
289,"624, 17247","Colombia","Government of Colombia","17","","FARC - Mordisco, ELN","8468, 744","",2,"",2021,113,113,123,3,"Colombia","100","","","","100","100","5","23,1",289,2021
289,"17247","Colombia","Government of Colombia","17","","FARC - Mordisco","8468","",2,"",2022,73,73,73,3,"Colombia","100","","","","100","100","5","23,1",289,2022
291,"628","Indonesia","Government of Indonesia","155","","OPM","266","",1,"West Papua",2018,25,24,41,3,"Indonesia","850","","","","850","850","3","23,1",291,2018
291,"628","Indonesia","Government of Indonesia","155","","OPM","266","",1,"West Papua",2021,51,24,59,3,"Indonesia","850","","","","850","850","3","23,1",291,2021
291,"628","Indonesia","Government of Indonesia","155","","OPM","266","",1,"West Papua",2022,46,38,47,3,"Indonesia","850","","","","850","850","3","23,1",291,2022
13604,"14620","Syria","Government of Syria","118","Government of Russia (Soviet Union), Government of Iran","IS","234","",1,"Islamic State",2016,10903,10655,11250,4,"Syria","652","630, 365","","","652","652","2","23,1",13604,2016
13604,"14620","Syria","Government of Syria","118","Government of Russia (Soviet Union), Government of Iran","IS","234","",1,"Islamic State",2017,11920,11667,13077,4,"Syria","652","630, 365","","","652","652","2","23,1",13604,2017
13604,"14620","Syria","Government of Syria","118","Government of Russia (Soviet Union), Government of Iran","IS","234","",1,"Islamic State",2018,4347,4340,4461,4,"Syria","652","630, 365","","","652","652","2","23,1",13604,2018
13604,"14620","Syria","Government of Syria","118","Government of Russia (Soviet Union), Government of Iran","IS","234","",1,"Islamic State",2019,523,522,636,4,"Syria","652","630, 365","","","652","652","2","23,1",13604,2019
13604,"14620","Syria","Government of Syria","118","Government of Russia (Soviet Union), Government of Iran","IS","234","",1,"Islamic State",2020,1076,771,1377,4,"Syria","652","630, 365","","","652","652","2","23,1",13604,2020
13604,"14620","Syria","Government of Syria","118","Government of Russia (Soviet Union), Government of Iran","IS","234","",1,"Islamic State",2021,680,680,774,4,"Syria","652","630, 365","","","652","652","2","23,1",13604,2021
13604,"14620","Syria","Government of Syria","118","Government of Russia (Soviet Union), Government of Iran","IS","234","",1,"Islamic State",2022,347,347,399,4,"Syria","652","630, 365","","","652","652","2","23,1",13604,2022
13604,"14620","Syria","Government of Syria","118","","IS","234","",1,"Islamic State",2013,1422,1414,1642,3,"Syria","652","","","","652","652","2","23,1",13604,2013
13604,"14620","Syria","Government of Syria","118","","IS","234","",1,"Islamic State",2014,7336,6977,8114,3,"Syria","652","","","","652","652","2","23,1",13604,2014
13604,"14620","Syria","Government of Syria","118","Government of Russia (Soviet Union), Government of Iran","IS","234","",1,"Islamic State",2015,10382,9976,10713,4,"Syria","652","630, 365","","","652","652","2","23,1",13604,2015
292,"632, 631","Peru","Government of Peru","21","","MRTA, Sendero Luminoso","751, 750","",2,"",1989,1827,1810,1838,3,"Peru","135","","","","135","135","5","23,1",292,1989
292,"632, 631","Peru","Government of Peru","21","","MRTA, Sendero Luminoso","751, 750","",2,"",1990,1099,1099,1099,3,"Peru","135","","","","135","135","5","23,1",292,1990
292,"632, 631","Peru","Government of Peru","21","","MRTA, Sendero Luminoso","751, 750","",2,"",1991,1138,1138,1139,3,"Peru","135","","","","135","135","5","23,1",292,1991
292,"632, 631","Peru","Government of Peru","21","","MRTA, Sendero Luminoso","751, 750","",2,"",1992,1036,1036,1038,3,"Peru","135","","","","135","135","5","23,1",292,1992
292,"632, 631","Peru","Government of Peru","21","","MRTA, Sendero Luminoso","751, 750","",2,"",1993,672,672,677,3,"Peru","135","","","","135","135","5","23,1",292,1993
292,"631","Peru","Government of Peru","21","","Sendero Luminoso","750","",2,"",1994,253,253,253,3,"Peru","135","","","","135","135","5","23,1",292,1994
292,"631","Peru","Government of Peru","21","","Sendero Luminoso","750","",2,"",1995,178,178,178,3,"Peru","135","","","","135","135","5","23,1",292,1995
292,"631","Peru","Government of Peru","21","","Sendero Luminoso","750","",2,"",1996,80,80,80,3,"Peru","135","","","","135","135","5","23,1",292,1996
292,"631","Peru","Government of Peru","21","","Sendero Luminoso","750","",2,"",1997,93,93,99,3,"Peru","135","","","","135","135","5","23,1",292,1997
292,"631","Peru","Government of Peru","21","","Sendero Luminoso","750","",2,"",1998,25,25,25,3,"Peru","135","","","","135","135","5","23,1",292,1998
292,"631","Peru","Government of Peru","21","","Sendero Luminoso","750","",2,"",1999,75,75,75,3,"Peru","135","","","","135","135","5","23,1",292,1999
292,"631","Peru","Government of Peru","21","","Sendero Luminoso","750","",2,"",2007,32,32,32,3,"Peru","135","","","","135","135","5","23,1",292,2007
292,"631","Peru","Government of Peru","21","","Sendero Luminoso","750","",2,"",2008,40,40,40,3,"Peru","135","","","","135","135","5","23,1",292,2008
292,"631","Peru","Government of Peru","21","","Sendero Luminoso","750","",2,"",2009,50,50,80,3,"Peru","135","","","","135","135","5","23,1",292,2009
292,"631","Peru","Government of Peru","21","","Sendero Luminoso","750","",2,"",2010,28,28,28,3,"Peru","135","","","","135","135","5","23,1",292,2010
294,"634","Cambodia (Kampuchea), Thailand","Government of Cambodia (Kampuchea)","148","","Government of Thailand","147","",1,"Common Border",2011,29,29,36,2,"Cambodia (Kampuchea), Thailand","811","","800","","811, 800","811, 800","3","23,1",294,2011
297,"640","Nigeria","Government of Nigeria","84","Government of Cameroon","Jama'atu Ahlis Sunna Lidda'awati wal-Jihad","1051","",2,"",2016,164,164,180,4,"Nigeria","475","471","","","475","475","4","23,1",297,2016
297,"640","Nigeria","Government of Nigeria","84","Government of Cameroon","Jama'atu Ahlis Sunna Lidda'awati wal-Jihad","1051","",2,"",2017,1062,1061,1114,4,"Nigeria","475","471","","","475","475","4","23,1",297,2017
297,"640","Nigeria","Government of Nigeria","84","Government of Cameroon","Jama'atu Ahlis Sunna Lidda'awati wal-Jihad","1051","",2,"",2018,335,322,455,4,"Nigeria","475","471","","","475","475","4","23,1",297,2018
297,"640","Nigeria","Government of Nigeria","84","Government of Niger","Jama'atu Ahlis Sunna Lidda'awati wal-Jihad","1051","",2,"",2019,328,320,384,4,"Nigeria, Niger","475","436","","","475","475, 436","4","23,1",297,2019
297,"640","Nigeria","Government of Nigeria","84","Government of Cameroon, Government of Niger","Jama'atu Ahlis Sunna Lidda'awati wal-Jihad","1051","",2,"",2020,465,406,527,4,"Nigeria, Niger","475","436, 471","","","475","475, 436","4","23,1",297,2020
297,"640","Nigeria","Government of Nigeria","84","Government of Cameroon, Government of Niger, Government of Chad","Jama'atu Ahlis Sunna Lidda'awati wal-Jihad","1051","",2,"",2021,276,269,306,4,"Nigeria, Niger","475","436, 483, 471","","","475","475, 436","4","23,1",297,2021
297,"640","Nigeria","Government of Nigeria","84","Government of Niger","Jama'atu Ahlis Sunna Lidda'awati wal-Jihad","1051","",2,"",2022,428,179,582,4,"Nigeria, Niger","475","436","","","475","475, 436","4","23,1",297,2022
297,"640","Nigeria","Government of Nigeria","84","","Jama'atu Ahlis Sunna Lidda'awati wal-Jihad","1051","",2,"",2009,405,402,835,3,"Nigeria","475","","","","475","475","4","23,1",297,2009
297,"640","Nigeria","Government of Nigeria","84","","Jama'atu Ahlis Sunna Lidda'awati wal-Jihad","1051","",2,"",2011,325,267,547,3,"Nigeria","475","","","","475","475","4","23,1",297,2011
297,"640","Nigeria","Government of Nigeria","84","Government of Niger, Government of Chad","Jama'atu Ahlis Sunna Lidda'awati wal-Jihad","1051","",2,"",2012,811,811,1155,4,"Nigeria","475","436, 483","","","475","475","4","23,1",297,2012
297,"640","Nigeria","Government of Nigeria","84","Government of Niger, Government of Chad","Jama'atu Ahlis Sunna Lidda'awati wal-Jihad","1051","",2,"",2013,1629,1474,2081,4,"Nigeria","475","436, 483","","","475","475","4","23,1",297,2013
297,"640","Nigeria","Government of Nigeria","84","Government of Cameroon, Government of Niger, Government of Chad","Jama'atu Ahlis Sunna Lidda'awati wal-Jihad","1051","",2,"",2014,4780,4725,5208,4,"Nigeria, Cameroon","475","436, 483, 471","","","475","475, 471","4","23,1",297,2014
297,"640","Nigeria","Government of Nigeria","84","Government of Niger, Government of Chad","Jama'atu Ahlis Sunna Lidda'awati wal-Jihad","1051","",2,"",2015,2703,2703,3025,4,"Nigeria, Chad, Niger","475","436, 483","","","475","475, 436, 483","4","23,1",297,2015
298,"641","South Africa","Government of South Africa","102","","SWAPO","461","",1,"Namibia",1989,327,327,329,3,"South Africa","560","","","","560","560","4","23,1",298,1989
13611,"14610","Mali","Government of Mali","72","","FLM","6267","",1,"Macina Empire",2015,44,44,59,3,"Mali","432","","","","432","432","4","23,1",13611,2015
299,"11973","Syria","Government of Syria","118","Government of Russia (Soviet Union), Government of Iran","Syrian insurgents","4456","",2,"",2016,32595,31454,33741,4,"Syria","652","630, 365","","","652","652","2","23,1",299,2016
299,"11973","Syria","Government of Syria","118","Government of Russia (Soviet Union), Government of Iran","Syrian insurgents","4456","",2,"",2017,12203,11630,12909,4,"Syria, Lebanon","652","630, 365","","","652","652, 660","2","23,1",299,2017
299,"11973","Syria","Government of Syria","118","Government of Russia (Soviet Union), Government of Iran","Syrian insurgents","4456","",2,"",2018,8690,8247,9167,4,"Syria","652","630, 365","","","652","652","2","23,1",299,2018
299,"11973","Syria","Government of Syria","118","Government of Russia (Soviet Union), Government of Iran","Syrian insurgents","4456","",2,"",2019,6856,6709,7176,4,"Syria","652","630, 365","","","652","652","2","23,1",299,2019
299,"11973","Syria","Government of Syria","118","Government of Russia (Soviet Union), Government of Iran","Syrian insurgents","4456","Government of Turkey",2,"",2020,3513,3435,3718,4,"Syria, Russia (Soviet Union)","652","630, 365","","640","652","652, 365","2","23,1",299,2020
299,"11973","Syria","Government of Syria","118","Government of Russia (Soviet Union), Government of Iran","Syrian insurgents","4456","Government of Turkey",2,"",2021,674,662,783,4,"Syria","652","630, 365","","640","652","652","2","23,1",299,2021
299,"11973","Syria","Government of Syria","118","Government of Russia (Soviet Union), Government of Iran","Syrian insurgents","4456","Government of Turkey",2,"",2022,530,527,672,4,"Syria","652","630, 365","","640","652","652","2","23,1",299,2022
299,"11973","Syria","Government of Syria","118","","Syrian insurgents","4456","",2,"",2011,1203,1121,1451,3,"Syria","652","","","","652","652","2","23,1",299,2011
299,"11973","Syria","Government of Syria","118","","Syrian insurgents","4456","",2,"",2012,50440,48722,55487,3,"Syria, Turkey","652","","","","652","652, 640","2","23,1",299,2012
299,"11973","Syria","Government of Syria","118","","Syrian insurgents","4456","",2,"",2013,70506,67136,75023,3,"Lebanon, Iraq, Syria","652","","","","652","652, 660, 645","2","23,1",299,2013
299,"11973","Syria","Government of Syria","118","","Syrian insurgents","4456","",2,"",2014,57945,56580,60210,3,"Syria, Lebanon","652","","","","652","652, 660","2","23,1",299,2014
299,"11973","Syria","Government of Syria","118","Government of Russia (Soviet Union), Government of Iran","Syrian insurgents","4456","",2,"",2015,39708,38321,41199,4,"Jordan, Syria","652","630, 365","","","652","663, 652","2","23,1",299,2015
300,"647, 644, 646","Cambodia (Kampuchea)","Government of Cambodia (Kampuchea)","148","Government of Vietnam (North Vietnam)","FUNCINPEC, KPNLF, KR","272, 273, 270","",2,"",1989,818,818,2438,4,"Cambodia (Kampuchea), Thailand","811","816","","","811","811, 800","3","23,1",300,1989
300,"644, 646","Cambodia (Kampuchea)","Government of Cambodia (Kampuchea)","148","","KPNLF, KR","272, 270","",2,"",1990,274,268,657,3,"Cambodia (Kampuchea)","811","","","","811","811","3","23,1",300,1990
300,"647, 644, 646","Cambodia (Kampuchea)","Government of Cambodia (Kampuchea)","148","","FUNCINPEC, KPNLF, KR","272, 273, 270","",2,"",1991,220,220,451,3,"Cambodia (Kampuchea)","811","","","","811","811","3","23,1",300,1991
300,"644","Cambodia (Kampuchea)","Government of Cambodia (Kampuchea)","148","","KR","270","",2,"",1992,118,118,118,3,"Cambodia (Kampuchea)","811","","","","811","811","3","23,1",300,1992
300,"644","Cambodia (Kampuchea)","Government of Cambodia (Kampuchea)","148","","KR","270","",2,"",1993,274,274,393,3,"Cambodia (Kampuchea)","811","","","","811","811","3","23,1",300,1993
300,"644","Cambodia (Kampuchea)","Government of Cambodia (Kampuchea)","148","","KR","270","",2,"",1994,464,404,1126,3,"Cambodia (Kampuchea)","811","","","","811","811","3","23,1",300,1994
300,"644","Cambodia (Kampuchea)","Government of Cambodia (Kampuchea)","148","","KR","270","",2,"",1995,694,684,1105,3,"Cambodia (Kampuchea)","811","","","","811","811","3","23,1",300,1995
300,"644","Cambodia (Kampuchea)","Government of Cambodia (Kampuchea)","148","","KR","270","",2,"",1996,788,788,1007,3,"Cambodia (Kampuchea)","811","","","","811","811","3","23,1",300,1996
300,"15801, 644, 15800","Cambodia (Kampuchea)","Government of Cambodia (Kampuchea)","148","","Military faction (Forces of Hun Sen), Forces of Norodom Ranariddh, KR","7248, 7249, 270","",2,"",1997,415,415,649,3,"Cambodia (Kampuchea)","811","","","","811","811","3","23,1",300,1997
300,"644, 15800","Cambodia (Kampuchea)","Government of Cambodia (Kampuchea)","148","","Forces of Norodom Ranariddh, KR","7248, 270","",2,"",1998,246,246,385,3,"Cambodia (Kampuchea), Thailand","811","","","","811","811, 800","3","23,1",300,1998
303,"14636","Nigeria","Government of Nigeria","84","","IPOB","6287","",1,"Biafra",2021,129,76,216,3,"Nigeria","475","","","","475","475","4","23,1",303,2021
303,"14636","Nigeria","Government of Nigeria","84","","IPOB","6287","",1,"Biafra",2022,88,42,168,3,"Nigeria","475","","","","475","475","4","23,1",303,2022
14129,"15895","Cameroon","Government of Cameroon","83","","Ambazonia insurgents","7332","",1,"Ambazonia",2017,35,35,44,3,"Cameroon","471","","","","471","471","4","23,1",14129,2017
14129,"15895","Cameroon","Government of Cameroon","83","","Ambazonia insurgents","7332","",1,"Ambazonia",2018,751,747,1007,3,"Nigeria, Cameroon","471","","","","471","475, 471","4","23,1",14129,2018
14129,"15895","Cameroon","Government of Cameroon","83","","Ambazonia insurgents","7332","",1,"Ambazonia",2019,558,557,645,3,"Cameroon","471","","","","471","471","4","23,1",14129,2019
14129,"15895","Cameroon","Government of Cameroon","83","","Ambazonia insurgents","7332","",1,"Ambazonia",2020,401,377,457,3,"Cameroon","471","","","","471","471","4","23,1",14129,2020
14129,"15895","Cameroon","Government of Cameroon","83","","Ambazonia insurgents","7332","",1,"Ambazonia",2021,519,510,644,3,"Cameroon","471","","","","471","471","4","23,1",14129,2021
14129,"15895","Cameroon","Government of Cameroon","83","","Ambazonia insurgents","7332","",1,"Ambazonia",2022,375,317,437,3,"Cameroon","471","","","","471","471","4","23,1",14129,2022
307,"654","Guinea","Government of Guinea","77","","RFDG","463","",2,"",2000,217,182,522,3,"Guinea","438","","","","438","438","4","23,1",307,2000
307,"654","Guinea","Government of Guinea","77","","RFDG","463","",2,"",2001,432,432,778,3,"Guinea, Liberia, Sierra Leone","438","","","","438","450, 451, 438","4","23,1",307,2001
308,"656","Philippines","Government of Philippines","154","","MNLF","275","",1,"Mindanao",1989,115,115,115,3,"Philippines","840","","","","840","840","3","23,1",308,1989
308,"656, 657","Philippines","Government of Philippines","154","","MNLF, MILF","276, 275","",1,"Mindanao",1990,141,141,141,3,"Philippines","840","","","","840","840","3","23,1",308,1990
308,"658, 656","Philippines","Government of Philippines","154","","MNLF, ASG","277, 275","",1,"Mindanao",1993,154,154,178,3,"Philippines","840","","","","840","840","3","23,1",308,1993
308,"658, 657","Philippines","Government of Philippines","154","","ASG, MILF","277, 276","",1,"Mindanao",1994,196,196,213,3,"Philippines","840","","","","840","840","3","23,1",308,1994
308,"658","Philippines","Government of Philippines","154","","ASG","277","",1,"Mindanao",1995,116,116,122,3,"Philippines","840","","","","840","840","3","23,1",308,1995
308,"658, 657","Philippines","Government of Philippines","154","","ASG, MILF","277, 276","",1,"Mindanao",1996,180,180,184,3,"Philippines","840","","","","840","840","3","23,1",308,1996
308,"658, 657","Philippines","Government of Philippines","154","","ASG, MILF","277, 276","",1,"Mindanao",1997,270,230,348,3,"Philippines","840","","","","840","840","3","23,1",308,1997
308,"658, 657","Philippines","Government of Philippines","154","","ASG, MILF","277, 276","",1,"Mindanao",1998,93,93,93,3,"Philippines","840","","","","840","840","3","23,1",308,1998
308,"657","Philippines","Government of Philippines","154","","MILF","276","",1,"Mindanao",1999,106,73,135,3,"Philippines","840","","","","840","840","3","23,1",308,1999
308,"658, 657","Philippines","Government of Philippines","154","","ASG, MILF","277, 276","",1,"Mindanao",2000,1427,1405,1559,3,"Philippines","840","","","","840","840","3","23,1",308,2000
308,"659, 658, 657","Philippines","Government of Philippines","154","","MNLF - NM, ASG, MILF","277, 276, 278","",1,"Mindanao",2001,675,578,737,3,"Philippines","840","","","","840","840","3","23,1",308,2001
308,"658, 657","Philippines","Government of Philippines","154","","ASG, MILF","277, 276","",1,"Mindanao",2002,382,382,416,3,"Philippines","840","","","","840","840","3","23,1",308,2002
308,"658, 657","Philippines","Government of Philippines","154","","ASG, MILF","277, 276","",1,"Mindanao",2003,820,695,1036,3,"Philippines","840","","","","840","840","3","23,1",308,2003
308,"658, 657","Philippines","Government of Philippines","154","","ASG, MILF","277, 276","",1,"Mindanao",2004,69,66,99,3,"Philippines","840","","","","840","840","3","23,1",308,2004
308,"659, 658, 657","Philippines","Government of Philippines","154","","MNLF - NM, ASG, MILF","277, 276, 278","",1,"Mindanao",2005,236,233,287,3,"Philippines","840","","","","840","840","3","23,1",308,2005
308,"658","Philippines","Government of Philippines","154","","ASG","277","",1,"Mindanao",2006,50,50,116,3,"Philippines","840","","","","840","840","3","23,1",308,2006
308,"660, 658, 657","Philippines","Government of Philippines","154","","MNLF - HM, ASG, MILF","277, 276, 279","",1,"Mindanao",2007,307,307,326,3,"Philippines","840","","","","840","840","3","23,1",308,2007
308,"657","Philippines","Government of Philippines","154","","MILF","276","",1,"Mindanao",2008,297,297,546,3,"Philippines","840","","","","840","840","3","23,1",308,2008
308,"658, 657","Philippines","Government of Philippines","154","","ASG, MILF","277, 276","",1,"Mindanao",2009,517,501,548,3,"Philippines","840","","","","840","840","3","23,1",308,2009
308,"658","Philippines","Government of Philippines","154","","ASG","277","",1,"Mindanao",2010,74,74,85,3,"Philippines","840","","","","840","840","3","23,1",308,2010
308,"658, 657","Philippines","Government of Philippines","154","","ASG, MILF","277, 276","",1,"Mindanao",2011,146,146,171,3,"Philippines","840","","","","840","840","3","23,1",308,2011
308,"658, 11246","Philippines","Government of Philippines","154","","ASG, BIFM","277, 1146","",1,"Mindanao",2012,113,107,138,3,"Philippines","840","","","","840","840","3","23,1",308,2012
308,"659, 658, 11246","Philippines","Government of Philippines","154","","MNLF - NM, ASG, BIFM","277, 278, 1146","",1,"Mindanao",2013,349,349,414,3,"Philippines","840","","","","840","840","3","23,1",308,2013
308,"658, 11246","Philippines","Government of Philippines","154","","ASG, BIFM","277, 1146","",1,"Mindanao",2014,280,276,288,3,"Philippines","840","","","","840","840","3","23,1",308,2014
308,"658, 11246, 657","Philippines","Government of Philippines","154","","ASG, MILF, BIFM","277, 276, 1146","",1,"Mindanao",2015,404,394,565,3,"Philippines","840","","","","840","840","3","23,1",308,2015
308,"15474, 14913, 658, 11246","Philippines","Government of Philippines","154","","al-Harakat al-Islamiyah, Maute group, ASG, BIFM","277, 6578, 1146, 6998","",1,"Mindanao",2016,303,274,349,3,"Philippines","840","","","","840","840","3","23,1",308,2016
308,"658","Philippines","Government of Philippines","154","Government of Malaysia","ASG","277","",1,"Mindanao",2017,84,84,90,4,"Philippines, Malaysia","840","820","","","840","840, 820","3","23,1",308,2017
308,"15475, 658","Philippines","Government of Philippines","154","","BIFM-K, ASG","277, 6999","",1,"Mindanao",2018,83,83,83,3,"Philippines","840","","","","840","840","3","23,1",308,2018
308,"658","Philippines","Government of Philippines","154","","ASG","277","",1,"Mindanao",2019,35,35,35,3,"Philippines","840","","","","840","840","3","23,1",308,2019
308,"658","Philippines","Government of Philippines","154","","ASG","277","",1,"Mindanao",2020,108,108,109,3,"Philippines","840","","","","840","840","3","23,1",308,2020
309,"663","Sudan","Government of Sudan","112","","SPLM/A","466","",2,"",1989,4253,4253,5253,3,"Uganda, Sudan","625","","","","625","500, 625","4","23,1",309,1989
309,"663","Sudan","Government of Sudan","112","","SPLM/A","466","",2,"",1990,4335,4335,4335,3,"Uganda, Sudan","625","","","","625","500, 625","4","23,1",309,1990
309,"663","Sudan","Government of Sudan","112","","SPLM/A","466","",2,"",1991,1317,1317,4317,3,"Uganda, Sudan","625","","","","625","500, 625","4","23,1",309,1991
309,"663","Sudan","Government of Sudan","112","","SPLM/A","466","",2,"",1992,1083,1083,4083,3,"Sudan","625","","","","625","625","4","23,1",309,1992
309,"663","Sudan","Government of Sudan","112","","SPLM/A","466","",2,"",1993,942,942,942,3,"Sudan","625","","","","625","625","4","23,1",309,1993
309,"663","Sudan","Government of Sudan","112","","SPLM/A","466","",2,"",1994,337,337,337,3,"Sudan","625","","","","625","625","4","23,1",309,1994
309,"663","Sudan","Government of Sudan","112","","SPLM/A","466","",2,"",1995,1000,1000,1882,3,"Sudan","625","","","","625","625","4","23,1",309,1995
309,"663, 664","Sudan","Government of Sudan","112","","NDA, SPLM/A","466, 467","",2,"",1996,2289,2289,2291,3,"Sudan","625","","","","625","625","4","23,1",309,1996
309,"663, 664","Sudan","Government of Sudan","112","","NDA, SPLM/A","466, 467","",2,"",1997,3709,3709,7228,3,"Sudan","625","","","","625","625","4","23,1",309,1997
309,"663, 664","Sudan","Government of Sudan","112","","NDA, SPLM/A","466, 467","",2,"",1998,4891,4891,5572,3,"Sudan","625","","","","625","625","4","23,1",309,1998
309,"663, 664","Sudan","Government of Sudan","112","","NDA, SPLM/A","466, 467","",2,"",1999,1408,1408,1597,3,"Sudan","625","","","","625","625","4","23,1",309,1999
309,"663, 664","Sudan","Government of Sudan","112","","NDA, SPLM/A","466, 467","",2,"",2000,2841,2841,3610,3,"Sudan","625","","","","625","625","4","23,1",309,2000
309,"663, 664","Sudan","Government of Sudan","112","","NDA, SPLM/A","466, 467","",2,"",2001,3408,3408,3658,3,"Sudan","625","","","","625","625","4","23,1",309,2001
309,"663","Sudan","Government of Sudan","112","","SPLM/A","466","",2,"",2002,2021,2021,3024,3,"Sudan","625","","","","625","625","4","23,1",309,2002
309,"663, 666, 665","Sudan","Government of Sudan","112","Government of Chad","JEM, SLM/A, SPLM/A","466, 468, 469","",2,"",2003,1999,1899,2856,4,"Sudan","625","483","","","625","625","4","23,1",309,2003
309,"663, 666, 665","Sudan","Government of Sudan","112","","JEM, SLM/A, SPLM/A","466, 468, 469","",2,"",2004,3278,3278,4588,3,"Sudan","625","","","","625","625","4","23,1",309,2004
309,"666","Sudan","Government of Sudan","112","","SLM/A","469","",2,"",2005,161,161,191,3,"Sudan","625","","","","625","625","4","23,1",309,2005
309,"666, 668, 667","Sudan","Government of Sudan","112","","SLM/A - MM, SLM/A, NRF","470, 469, 471","",2,"",2006,1002,1002,2719,3,"Sudan","625","","","","625","625","4","23,1",309,2006
309,"665, 669","Sudan","Government of Sudan","112","","SLFA, JEM","472, 468","",2,"",2007,217,201,222,3,"Sudan","625","","","","625","625","4","23,1",309,2007
309,"666, 665, 669","Sudan","Government of Sudan","112","","SLFA, JEM, SLM/A","472, 468, 469","",2,"",2008,598,598,1476,3,"Sudan","625","","","","625","625","4","23,1",309,2008
309,"666, 665","Sudan","Government of Sudan","112","","JEM, SLM/A","468, 469","",2,"",2009,353,353,370,3,"Chad, Sudan","625","","","","625","625, 483","4","23,1",309,2009
309,"670, 666, 665","Sudan","Government of Sudan","112","","JEM, SLM/A, SSDM/A","468, 469, 1108","",2,"",2010,1010,1010,1888,3,"Sudan","625","","","","625","625","4","23,1",309,2010
309,"11976, 11975, 670, 665, 666, 11988","Sudan","Government of Sudan","112","","SPLM/A-North, SSDM/A, SRF, SSLM/A, JEM, SLM/A","1108, 468, 1123, 469, 1124, 1162","Government of South Sudan",2,"",2011,1259,1235,2077,4,"Ethiopia, Sudan","625","","","626","625","530, 625","4","23,1",309,2011
309,"11988","Sudan","Government of Sudan","112","","SRF","1162","",2,"",2012,1173,1123,1803,3,"Sudan","625","","","","625","625","4","23,1",309,2012
309,"11988","Sudan","Government of Sudan","112","","SRF","1162","",2,"",2013,594,528,3784,3,"Sudan","625","","","","625","625","4","23,1",309,2013
309,"14150, 11988, 14134","Sudan","Government of Sudan","112","","SARC, Darfur Joint Resistance Forces, SRF","5866, 5849, 1162","",2,"",2014,856,815,3386,3,"South Sudan, Sudan","625","","","","625","626, 625","4","23,1",309,2014
309,"14150, 11975, 11988","Sudan","Government of Sudan","112","","Darfur Joint Resistance Forces, SRF, SPLM/A-North","1123, 5866, 1162","",2,"",2015,1264,1264,2379,3,"South Sudan, Sudan","625","","","","625","626, 625","4","23,1",309,2015
309,"11975, 11988","Sudan","Government of Sudan","112","","SPLM/A-North, SRF","1123, 1162","",2,"",2016,1309,1303,2321,3,"Sudan","625","","","","625","625","4","23,1",309,2016
309,"666, 11988, 14134","Sudan","Government of Sudan","112","","SARC, SLM/A, SRF","469, 5849, 1162","",2,"",2017,160,148,360,3,"Sudan","625","","","","625","625","4","23,1",309,2017
309,"666","Sudan","Government of Sudan","112","","SLM/A","469","",2,"",2018,243,191,500,3,"Sudan","625","","","","625","625","4","23,1",309,2018
309,"666","Sudan","Government of Sudan","112","","SLM/A","469","",2,"",2020,45,45,48,3,"Sudan","625","","","","625","625","4","23,1",309,2020
309,"666","Sudan","Government of Sudan","112","","SLM/A","469","",2,"",2021,31,31,72,3,"Sudan","625","","","","625","625","4","23,1",309,2021
309,"666","Sudan","Government of Sudan","112","","SLM/A","469","",2,"",2022,47,47,47,3,"Sudan","625","","","","625","625","4","23,1",309,2022
313,"674","Sri Lanka","Government of Sri Lanka","145","","JVP","281","",2,"",1989,388,388,517,3,"Sri Lanka","780","","","","780","780","3","23,1",313,1989
313,"674","Sri Lanka","Government of Sri Lanka","145","","JVP","281","",2,"",1990,61,61,61,3,"Sri Lanka","780","","","","780","780","3","23,1",313,1990
314,"686, 688","Uganda","Government of Uganda","90","","UPA, LRA","486, 488","",2,"",1989,1019,1019,1040,3,"Uganda","500","","","","500","500","4","23,1",314,1989
314,"686, 688","Uganda","Government of Uganda","90","","UPA, LRA","486, 488","",2,"",1990,621,621,633,3,"Uganda","500","","","","500","500","4","23,1",314,1990
314,"686, 688","Uganda","Government of Uganda","90","","UPA, LRA","486, 488","",2,"",1991,853,853,853,3,"Uganda","500","","","","500","500","4","23,1",314,1991
314,"686","Uganda","Government of Uganda","90","","UPA","486","",2,"",1992,72,72,72,3,"Uganda","500","","","","500","500","4","23,1",314,1992
314,"688","Uganda","Government of Uganda","90","","LRA","488","",2,"",1994,149,149,226,3,"Uganda","500","","","","500","500","4","23,1",314,1994
314,"688","Uganda","Government of Uganda","90","","LRA","488","",2,"",1995,295,295,332,3,"Uganda, Sudan","500","","","","500","500, 625","4","23,1",314,1995
314,"689, 690, 688","Uganda","Government of Uganda","90","","WNBF, LRA, ADF","490, 489, 488","",2,"",1996,1238,1238,1584,3,"DR Congo (Zaire), Uganda","500","","","","500","500, 490","4","23,1",314,1996
314,"689, 688, 691","Uganda","Government of Uganda","90","","UNRF II, LRA, ADF","491, 489, 488","",2,"",1997,888,888,1179,3,"Uganda, Sudan","500","","","","500","500, 625","4","23,1",314,1997
314,"689, 688","Uganda","Government of Uganda","90","","LRA, ADF","489, 488","",2,"",1998,835,835,1048,3,"DR Congo (Zaire), Uganda","500","","","","500","500, 490","4","23,1",314,1998
314,"689","Uganda","Government of Uganda","90","","ADF","489","",2,"",1999,355,355,355,3,"DR Congo (Zaire), Uganda","500","","","","500","500, 490","4","23,1",314,1999
314,"689, 688","Uganda","Government of Uganda","90","","LRA, ADF","489, 488","",2,"",2000,388,388,407,3,"DR Congo (Zaire), Uganda","500","","","","500","500, 490","4","23,1",314,2000
314,"689, 688","Uganda","Government of Uganda","90","","LRA, ADF","489, 488","",2,"",2001,189,189,237,3,"DR Congo (Zaire), Uganda, Sudan","500","","","","500","500, 625, 490","4","23,1",314,2001
314,"689, 688","Uganda","Government of Uganda","90","","LRA, ADF","489, 488","",2,"",2002,1086,1086,1881,3,"DR Congo (Zaire), Uganda, Sudan","500","","","","500","500, 625, 490","4","23,1",314,2002
314,"688","Uganda","Government of Uganda","90","","LRA","488","",2,"",2003,642,641,1100,3,"Uganda, Sudan","500","","","","500","500, 625","4","23,1",314,2003
314,"688","Uganda","Government of Uganda","90","","LRA","488","",2,"",2004,1610,1609,2215,3,"Uganda, Sudan","500","","","","500","500, 625","4","23,1",314,2004
314,"688","Uganda","Government of Uganda","90","Government of Sudan","LRA","488","",2,"",2005,695,695,814,4,"Uganda, Sudan","500","625","","","500","500, 625","4","23,1",314,2005
314,"688","Uganda","Government of Uganda","90","","LRA","488","",2,"",2006,221,221,318,3,"DR Congo (Zaire), Uganda, Sudan","500","","","","500","500, 625, 490","4","23,1",314,2006
314,"689","Uganda","Government of Uganda","90","","ADF","489","",2,"",2007,91,91,147,3,"Uganda","500","","","","500","500","4","23,1",314,2007
314,"688","Uganda","Government of Uganda","90","Government of DR Congo (Zaire), Government of Sudan","LRA","488","",2,"",2008,53,53,66,4,"DR Congo (Zaire), Sudan","500","625, 490","","","500","625, 490","4","23,1",314,2008
314,"688","Uganda","Government of Uganda","90","Government of DR Congo (Zaire), Government of Central African Republic, Government of Sudan","LRA","488","",2,"",2009,238,238,263,4,"Central African Republic, DR Congo (Zaire), Sudan","500","482, 625, 490","","","500","482, 625, 490","4","23,1",314,2009
314,"689, 688","Uganda","Government of Uganda","90","Government of DR Congo (Zaire), Government of Central African Republic, Government of Sudan","LRA, ADF","489, 488","",2,"",2010,120,120,138,4,"Central African Republic, DR Congo (Zaire), Sudan","500","482, 625, 490","","","500","482, 625, 490","4","23,1",314,2010
314,"689, 688","Uganda","Government of Uganda","90","Government of DR Congo (Zaire), Government of Central African Republic, Government of South Sudan, Government of Sudan","LRA, ADF","489, 488","",2,"",2011,136,136,146,4,"South Sudan, Central African Republic, DR Congo (Zaire), Sudan","500","482, 626, 625, 490","","","500","482, 626, 625, 490","4","23,1",314,2011
314,"689, 688","Uganda","Government of Uganda","90","Government of Tanzania, Government of South Africa, Government of Central African Republic, Government of South Sudan, Government of Malawi, Government of DR Congo (Zaire)","LRA, ADF","489, 488","",2,"",2013,100,100,118,4,"Central African Republic, DR Congo (Zaire)","500","490, 560, 626, 482, 510, 553","","","500","482, 490","4","23,1",314,2013
314,"689, 688","Uganda","Government of Uganda","90","Government of Tanzania, Government of South Africa, Government of South Sudan, Government of Malawi, Government of DR Congo (Zaire)","LRA, ADF","489, 488","",2,"",2014,864,864,1033,4,"Central African Republic, DR Congo (Zaire)","500","490, 560, 626, 510, 553","","","500","482, 490","4","23,1",314,2014
314,"689","Uganda","Government of Uganda","90","Government of DR Congo (Zaire)","ADF","489","",2,"",2015,197,163,228,4,"DR Congo (Zaire)","500","490","","","500","490","4","23,1",314,2015
314,"689","Uganda","Government of Uganda","90","Government of DR Congo (Zaire)","ADF","489","",2,"",2016,152,152,153,4,"DR Congo (Zaire)","500","490","","","500","490","4","23,1",314,2016
314,"689","Uganda","Government of Uganda","90","Government of DR Congo (Zaire)","ADF","489","",2,"",2017,237,237,245,4,"DR Congo (Zaire)","500","490","","","500","490","4","23,1",314,2017
314,"689","Uganda","Government of Uganda","90","Government of DR Congo (Zaire)","ADF","489","",2,"",2018,378,303,389,4,"DR Congo (Zaire)","500","490","","","500","490","4","23,1",314,2018
314,"689","Uganda","Government of Uganda","90","Government of DR Congo (Zaire)","ADF","489","",2,"",2019,165,130,173,4,"DR Congo (Zaire)","500","490","","","500","490","4","23,1",314,2019
315,"693","United Kingdom","Government of United Kingdom","28","","RIRA","283","",1,"Northern Ireland",1998,29,29,29,3,"United Kingdom","200","","","","200","200","1","23,1",315,1998
315,"692","United Kingdom","Government of United Kingdom","28","","PIRA","282","",1,"Northern Ireland",1989,38,38,39,3,"United Kingdom, Germany","200","","","","200","200, 260","1","23,1",315,1989
315,"692","United Kingdom","Government of United Kingdom","28","","PIRA","282","",1,"Northern Ireland",1990,44,44,46,3,"Netherlands, United Kingdom, Germany","200","","","","200","200, 260, 210","1","23,1",315,1990
315,"692","United Kingdom","Government of United Kingdom","28","","PIRA","282","",1,"Northern Ireland",1991,26,26,27,3,"United Kingdom","200","","","","200","200","1","23,1",315,1991
316,"697","El Salvador","Government of El Salvador","13","","FMLN","755","",2,"",1989,4924,4924,4952,3,"El Salvador","92","","","","92","92","5","23,1",316,1989
316,"697","El Salvador","Government of El Salvador","13","","FMLN","755","",2,"",1990,849,849,999,3,"El Salvador","92","","","","92","92","5","23,1",316,1990
316,"697","El Salvador","Government of El Salvador","13","","FMLN","755","",2,"",1991,88,88,93,3,"El Salvador","92","","","","92","92","5","23,1",316,1991
322,"705","Bangladesh","Government of Bangladesh","143","","PCJSS","285","",1,"Chittagong Hill Tracts",1989,26,26,26,3,"Bangladesh","771","","","","771","771","3","23,1",322,1989
322,"705","Bangladesh","Government of Bangladesh","143","","PCJSS","285","",1,"Chittagong Hill Tracts",1990,45,45,45,3,"Bangladesh","771","","","","771","771","3","23,1",322,1990
322,"705","Bangladesh","Government of Bangladesh","143","","PCJSS","285","",1,"Chittagong Hill Tracts",1991,25,22,45,3,"Bangladesh","771","","","","771","771","3","23,1",322,1991
13637,"14320","Afghanistan","Government of Afghanistan","130","Government of United States of America, Government of Pakistan","IS","234","",1,"Islamic State",2016,2141,2100,2544,4,"Afghanistan","700","770, 2","","","700","700","3","23,1",13637,2016
13637,"14320","Afghanistan","Government of Afghanistan","130","Government of United States of America","IS","234","",1,"Islamic State",2017,2795,2738,3009,4,"Afghanistan","700","2","","","700","700","3","23,1",13637,2017
13637,"14320","Afghanistan","Government of Afghanistan","130","Government of United States of America","IS","234","",1,"Islamic State",2018,2842,2770,5149,4,"Afghanistan","700","2","","","700","700","3","23,1",13637,2018
13637,"14320","Afghanistan","Government of Afghanistan","130","Government of United States of America","IS","234","",1,"Islamic State",2019,1075,1045,1435,4,"Afghanistan","700","2","","","700","700","3","23,1",13637,2019
13637,"14320","Afghanistan","Government of Afghanistan","130","Government of United States of America","IS","234","",1,"Islamic State",2020,316,279,356,4,"Afghanistan","700","2","","","700","700","3","23,1",13637,2020
13637,"14320","Afghanistan","Government of Afghanistan","130","Government of United States of America","IS","234","",1,"Islamic State",2021,264,206,322,4,"Afghanistan, Pakistan","700","2","","","700","770, 700","3","23,1",13637,2021
13637,"14320","Afghanistan","Government of Afghanistan","130","","IS","234","",1,"Islamic State",2022,252,181,403,3,"Afghanistan","700","","","","700","700","3","23,1",13637,2022
13637,"14320","Afghanistan","Government of Afghanistan","130","Government of United States of America, Government of Pakistan","IS","234","",1,"Islamic State",2015,679,615,855,4,"Afghanistan","700","770, 2","","","700","700","3","23,1",13637,2015
13638,"14666","Cameroon","Government of Cameroon","83","","IS","234","",1,"Islamic State",2016,189,189,206,3,"Nigeria, Cameroon","471","","","","471","475, 471","4","23,1",13638,2016
13638,"14666","Cameroon","Government of Cameroon","83","Government of Chad","IS","234","",1,"Islamic State",2019,135,129,153,4,"Cameroon","471","483","","","471","471","4","23,1",13638,2019
13638,"14666","Cameroon","Government of Cameroon","83","Government of Nigeria","IS","234","",1,"Islamic State",2021,62,56,134,4,"Cameroon","471","475","","","471","471","4","23,1",13638,2021
13638,"14666","Cameroon","Government of Cameroon","83","Government of Chad","IS","234","",1,"Islamic State",2015,283,283,315,4,"Nigeria, Cameroon","471","483","","","471","475, 471","4","23,1",13638,2015
13639,"14668","Niger","Government of Niger","75","Government of Nigeria, Government of Chad","IS","234","",1,"Islamic State",2016,274,274,281,4,"Niger","436","475, 483","","","436","436","4","23,1",13639,2016
13639,"14668","Niger","Government of Niger","75","Government of United States of America, Government of France, Government of Chad","IS","234","",1,"Islamic State",2017,229,229,236,4,"Niger","436","2, 483, 220","","","436","436","4","23,1",13639,2017
13639,"14668","Niger","Government of Niger","75","Government of United States of America, Government of France","IS","234","",1,"Islamic State",2018,74,71,113,4,"Niger","436","2, 220","","","436","436","4","23,1",13639,2018
13639,"14668","Niger","Government of Niger","75","Government of United States of America, Government of France, Government of Chad","IS","234","",1,"Islamic State",2019,283,280,322,4,"Niger","436","2, 483, 220","","","436","436","4","23,1",13639,2019
13639,"14668","Niger","Government of Niger","75","Government of United States of America, Government of France, Government of Chad","IS","234","",1,"Islamic State",2020,512,510,550,4,"Niger","436","2, 483, 220","","","436","436","4","23,1",13639,2020
13639,"14668","Niger","Government of Niger","75","Government of United States of America, Government of France, Government of Chad","IS","234","",1,"Islamic State",2021,380,297,464,4,"Niger","436","2, 483, 220","","","436","436","4","23,1",13639,2021
13639,"14668","Niger","Government of Niger","75","Government of France","IS","234","",1,"Islamic State",2022,323,262,358,4,"Niger","436","220","","","436","436","4","23,1",13639,2022
13639,"14668","Niger","Government of Niger","75","Government of Chad","IS","234","",1,"Islamic State",2015,171,131,338,4,"Niger","436","483","","","436","436","4","23,1",13639,2015
13640,"14667","Chad","Government of Chad","87","","IS","234","",1,"Islamic State",2017,57,57,219,3,"Chad","483","","","","483","483","4","23,1",13640,2017
13640,"14667","Chad","Government of Chad","87","","IS","234","",1,"Islamic State",2018,108,108,109,3,"Chad","483","","","","483","483","4","23,1",13640,2018
13640,"14667","Chad","Government of Chad","87","","IS","234","",1,"Islamic State",2019,144,144,166,3,"Chad","483","","","","483","483","4","23,1",13640,2019
13640,"14667","Chad","Government of Chad","87","","IS","234","",1,"Islamic State",2020,143,143,696,3,"Chad","483","","","","483","483","4","23,1",13640,2020
13640,"14667","Chad","Government of Chad","87","","IS","234","",1,"Islamic State",2021,55,55,82,3,"Chad","483","","","","483","483","4","23,1",13640,2021
13640,"14667","Chad","Government of Chad","87","","IS","234","",1,"Islamic State",2022,45,45,61,3,"Chad","483","","","","483","483","4","23,1",13640,2022
13640,"14667","Chad","Government of Chad","87","","IS","234","",1,"Islamic State",2015,272,272,272,3,"Chad","483","","","","483","483","4","23,1",13640,2015
13641,"14669","Nigeria","Government of Nigeria","84","Government of Cameroon, Government of Niger, Government of Chad","IS","234","",1,"Islamic State",2016,2287,2287,2348,4,"Nigeria","475","436, 483, 471","","","475","475","4","23,1",13641,2016
13641,"14669","Nigeria","Government of Nigeria","84","Government of Chad","IS","234","",1,"Islamic State",2017,817,817,1267,4,"Nigeria","475","483","","","475","475","4","23,1",13641,2017
13641,"14669","Nigeria","Government of Nigeria","84","Government of Cameroon, Government of Niger, Government of Chad","IS","234","",1,"Islamic State",2018,836,693,1158,4,"Nigeria","475","436, 483, 471","","","475","475","4","23,1",13641,2018
13641,"14669","Nigeria","Government of Nigeria","84","Government of Cameroon, Government of Niger, Government of Chad","IS","234","",1,"Islamic State",2019,1013,857,1597,4,"Nigeria","475","436, 483, 471","","","475","475","4","23,1",13641,2019
13641,"14669","Nigeria","Government of Nigeria","84","Government of Cameroon, Government of Niger, Government of Chad","IS","234","",1,"Islamic State",2020,1559,1297,2469,4,"Nigeria","475","436, 483, 471","","","475","475","4","23,1",13641,2020
13641,"14669","Nigeria","Government of Nigeria","84","Government of Cameroon, Government of Niger, Government of Chad","IS","234","",1,"Islamic State",2021,1597,1448,2494,4,"Nigeria","475","436, 483, 471","","","475","475","4","23,1",13641,2021
13641,"14669","Nigeria","Government of Nigeria","84","Government of Cameroon, Government of Niger, Government of Chad","IS","234","",1,"Islamic State",2022,1034,914,1738,4,"Nigeria","475","436, 483, 471","","","475","475","4","23,1",13641,2022
13641,"14669","Nigeria","Government of Nigeria","84","Government of Cameroon, Government of Niger, Government of Chad","IS","234","",1,"Islamic State",2015,2063,2060,3097,4,"Nigeria","475","436, 483, 471","","","475","475","4","23,1",13641,2015
325,"11521, 709","Pakistan","Government of Pakistan","142","","UBA, BLA","3192, 287","",1,"Balochistan",2016,94,94,94,3,"Pakistan","770","","","","770","770","3","23,1",325,2016
325,"16177","Pakistan","Government of Pakistan","142","","BRAS","7542","",1,"Balochistan",2019,37,37,37,3,"Pakistan","770","","","","770","770","3","23,1",325,2019
325,"16177","Pakistan","Government of Pakistan","142","","BRAS","7542","",1,"Balochistan",2020,120,77,121,3,"Pakistan","770","","","","770","770","3","23,1",325,2020
325,"16177","Pakistan","Government of Pakistan","142","","BRAS","7542","",1,"Balochistan",2021,129,109,147,3,"Pakistan","770","","","","770","770","3","23,1",325,2021
325,"16177","Pakistan","Government of Pakistan","142","","BRAS","7542","",1,"Balochistan",2022,154,115,290,3,"Pakistan","770","","","","770","770","3","23,1",325,2022
325,"709","Pakistan","Government of Pakistan","142","","BLA","287","",1,"Balochistan",2004,43,43,58,3,"Pakistan","770","","","","770","770","3","23,1",325,2004
325,"709, 710","Pakistan","Government of Pakistan","142","","BLA, Baloch Ittehad","287, 288","",1,"Balochistan",2006,200,200,209,3,"Pakistan","770","","","","770","770","3","23,1",325,2006
325,"709","Pakistan","Government of Pakistan","142","","BLA","287","",1,"Balochistan",2007,83,82,331,3,"Pakistan","770","","","","770","770","3","23,1",325,2007
325,"711, 709","Pakistan","Government of Pakistan","142","","BRA, BLA","289, 287","",1,"Balochistan",2008,197,186,233,3,"Pakistan","770","","","","770","770","3","23,1",325,2008
325,"711, 709","Pakistan","Government of Pakistan","142","","BRA, BLA","289, 287","",1,"Balochistan",2009,81,81,102,3,"Pakistan","770","","","","770","770","3","23,1",325,2009
325,"709","Pakistan","Government of Pakistan","142","","BLA","287","",1,"Balochistan",2011,42,42,123,3,"Pakistan","770","","","","770","770","3","23,1",325,2011
325,"711, 709, 708","Pakistan","Government of Pakistan","142","","BRA, BLF, BLA","289, 1166, 287","",1,"Balochistan",2012,118,118,362,3,"Pakistan","770","","","","770","770","3","23,1",325,2012
325,"709","Pakistan","Government of Pakistan","142","","BLA","287","",1,"Balochistan",2013,45,45,45,3,"Pakistan","770","","","","770","770","3","23,1",325,2013
325,"711, 709","Pakistan","Government of Pakistan","142","","BRA, BLA","289, 287","",1,"Balochistan",2014,90,90,90,3,"Pakistan","770","","","","770","770","3","23,1",325,2014
325,"711, 709, 708","Pakistan","Government of Pakistan","142","","BRA, BLF, BLA","289, 1166, 287","",1,"Balochistan",2015,107,107,107,3,"Pakistan","770","","","","770","770","3","23,1",325,2015
326,"712","Eritrea","Government of Eritrea","98","","EIJM - AS","495","",2,"",2003,57,57,57,3,"Eritrea","531","","","","531","531","4","23,1",326,2003
326,"712","Eritrea","Government of Eritrea","98","","EIJM - AS","495","",2,"",1997,31,31,117,3,"Eritrea","531","","","","531","531","4","23,1",326,1997
326,"712","Eritrea","Government of Eritrea","98","","EIJM - AS","495","",2,"",1999,25,25,239,3,"Eritrea","531","","","","531","531","4","23,1",326,1999
327,"714","Angola","Government of Angola","99","Government of Cuba","UNITA","567","",2,"",1989,2810,2810,6283,4,"Angola","540","40","","","540","540","4","23,1",327,1989
327,"714","Angola","Government of Angola","99","","UNITA","567","",2,"",1990,2558,2557,4452,3,"Angola","540","","","","540","540","4","23,1",327,1990
327,"714","Angola","Government of Angola","99","","UNITA","567","",2,"",1991,491,491,647,3,"Angola","540","","","","540","540","4","23,1",327,1991
327,"714","Angola","Government of Angola","99","","UNITA","567","",2,"",1992,2321,2321,3572,3,"Angola","540","","","","540","540","4","23,1",327,1992
327,"714","Angola","Government of Angola","99","","UNITA","567","",2,"",1993,12054,12054,23329,3,"Angola","540","","","","540","540","4","23,1",327,1993
327,"714","Angola","Government of Angola","99","","UNITA","567","",2,"",1994,3924,3920,11087,3,"DR Congo (Zaire), Angola","540","","","","540","540, 490","4","23,1",327,1994
327,"714","Angola","Government of Angola","99","","UNITA","567","",2,"",1995,162,162,522,3,"Angola","540","","","","540","540","4","23,1",327,1995
327,"714","Angola","Government of Angola","99","","UNITA","567","",2,"",1998,1041,1041,1516,3,"Angola","540","","","","540","540","4","23,1",327,1998
327,"714","Angola","Government of Angola","99","Government of Namibia","UNITA","567","",2,"",1999,2273,2273,6431,4,"Namibia, Angola","540","565","","","540","565, 540","4","23,1",327,1999
327,"714","Angola","Government of Angola","99","Government of Namibia","UNITA","567","",2,"",2000,1000,404,3796,4,"Namibia, Angola","540","565","","","540","565, 540","4","23,1",327,2000
327,"714","Angola","Government of Angola","99","Government of Namibia","UNITA","567","",2,"",2001,1123,1123,2447,4,"Angola","540","565","","","540","540","4","23,1",327,2001
327,"714","Angola","Government of Angola","99","Government of Namibia","UNITA","567","",2,"",2002,465,461,465,4,"Angola","540","565","","","540","540","4","23,1",327,2002
13645,"14609","Yemen (North Yemen)","Government of Yemen (North Yemen)","123","","IS","234","",1,"Islamic State",2017,26,5,26,3,"Yemen (North Yemen)","678","","","","678","678","2","23,1",13645,2017
13645,"14609","Yemen (North Yemen)","Government of Yemen (North Yemen)","123","","IS","234","",1,"Islamic State",2020,33,11,62,3,"Yemen (North Yemen)","678","","","","678","678","2","23,1",13645,2020
13645,"14609","Yemen (North Yemen)","Government of Yemen (North Yemen)","123","","IS","234","",1,"Islamic State",2015,246,246,251,3,"Yemen (North Yemen)","678","","","","678","678","2","23,1",13645,2015
13646,"10589","Kenya","Government of Kenya","91","","Al-Shabaab","717","",1,"Northeastern Province and Coast",2016,49,49,83,3,"Somalia, Kenya","501","","","","501","520, 501","4","23,1",13646,2016
13646,"10589","Kenya","Government of Kenya","91","","Al-Shabaab","717","",1,"Northeastern Province and Coast",2017,85,83,110,3,"Kenya","501","","","","501","501","4","23,1",13646,2017
13646,"10589","Kenya","Government of Kenya","91","","Al-Shabaab","717","",1,"Northeastern Province and Coast",2018,69,59,147,3,"Kenya","501","","","","501","501","4","23,1",13646,2018
13646,"10589","Kenya","Government of Kenya","91","Government of United States of America","Al-Shabaab","717","",1,"Northeastern Province and Coast",2019,61,60,94,4,"Kenya","501","2","","","501","501","4","23,1",13646,2019
13646,"10589","Kenya","Government of Kenya","91","Government of United States of America","Al-Shabaab","717","",1,"Northeastern Province and Coast",2020,94,94,142,4,"Kenya","501","2","","","501","501","4","23,1",13646,2020
13646,"10589","Kenya","Government of Kenya","91","Government of United States of America","Al-Shabaab","717","",1,"Northeastern Province and Coast",2021,78,78,184,4,"Somalia, Kenya","501","2","","","501","520, 501","4","23,1",13646,2021
13646,"10589","Kenya","Government of Kenya","91","","Al-Shabaab","717","",1,"Northeastern Province and Coast",2022,72,71,148,3,"Kenya","501","","","","501","501","4","23,1",13646,2022
13646,"10589","Kenya","Government of Kenya","91","","Al-Shabaab","717","",1,"Northeastern Province and Coast",2015,42,40,117,3,"Somalia, Kenya","501","","","","501","520, 501","4","23,1",13646,2015
15183,"16474","Tanzania","Government of Tanzania","92","","IS","234","",1,"Islamic State",2020,25,22,26,3,"Tanzania","510","","","","510","510","4","23,1",15183,2020
13648,"14677","Egypt","Government of Egypt","117","","IS","234","",1,"Islamic State",2016,355,355,359,3,"Egypt","651","","","","651","651","2","23,1",13648,2016
13648,"14677","Egypt","Government of Egypt","117","","IS","234","",1,"Islamic State",2017,394,279,514,3,"Egypt","651","","","","651","651","2","23,1",13648,2017
13648,"14677","Egypt","Government of Egypt","117","","IS","234","",1,"Islamic State",2018,652,502,654,3,"Egypt","651","","","","651","651","2","23,1",13648,2018
13648,"14677","Egypt","Government of Egypt","117","","IS","234","",1,"Islamic State",2019,589,217,598,3,"Egypt","651","","","","651","651","2","23,1",13648,2019
13648,"14677","Egypt","Government of Egypt","117","","IS","234","",1,"Islamic State",2020,527,206,538,3,"Egypt","651","","","","651","651","2","23,1",13648,2020
13648,"14677","Egypt","Government of Egypt","117","","IS","234","",1,"Islamic State",2021,112,99,204,3,"Egypt","651","","","","651","651","2","23,1",13648,2021
13648,"14677","Egypt","Government of Egypt","117","","IS","234","",1,"Islamic State",2022,231,214,233,3,"Egypt","651","","","","651","651","2","23,1",13648,2022
13648,"14677","Egypt","Government of Egypt","117","","IS","234","",1,"Islamic State",2015,767,753,947,3,"Egypt","651","","","","651","651","2","23,1",13648,2015
329,"718","Ethiopia","Government of Ethiopia","97","","AIAI","542","",1,"Ogaden",1993,36,36,36,3,"Ethiopia","530","","","","530","530","4","23,1",329,1993
329,"719","Ethiopia","Government of Ethiopia","97","","ONLF","497","",1,"Ogaden",1994,50,50,50,3,"Ethiopia","530","","","","530","530","4","23,1",329,1994
329,"718, 719","Ethiopia","Government of Ethiopia","97","","AIAI, ONLF","497, 542","",1,"Ogaden",1996,211,211,481,3,"Somalia, Ethiopia","530","","","","530","530, 520","4","23,1",329,1996
329,"719","Ethiopia","Government of Ethiopia","97","","ONLF","497","",1,"Ogaden",1998,25,6,90,3,"Ethiopia","530","","","","530","530","4","23,1",329,1998
329,"718, 719","Ethiopia","Government of Ethiopia","97","","AIAI, ONLF","497, 542","",1,"Ogaden",1999,50,50,640,3,"Somalia, Ethiopia","530","","","","530","530, 520","4","23,1",329,1999
329,"719","Ethiopia","Government of Ethiopia","97","","ONLF","497","",1,"Ogaden",2000,25,0,855,3,"Ethiopia","530","","","","530","530","4","23,1",329,2000
329,"719","Ethiopia","Government of Ethiopia","97","","ONLF","497","",1,"Ogaden",2001,25,25,117,3,"Ethiopia","530","","","","530","530","4","23,1",329,2001
329,"719","Ethiopia","Government of Ethiopia","97","","ONLF","497","",1,"Ogaden",2002,25,25,637,3,"Ethiopia","530","","","","530","530","4","23,1",329,2002
329,"719","Ethiopia","Government of Ethiopia","97","","ONLF","497","",1,"Ogaden",2003,25,25,260,3,"Ethiopia","530","","","","530","530","4","23,1",329,2003
329,"719","Ethiopia","Government of Ethiopia","97","","ONLF","497","",1,"Ogaden",2004,25,25,525,3,"Somalia, Ethiopia","530","","","","530","530, 520","4","23,1",329,2004
329,"719","Ethiopia","Government of Ethiopia","97","","ONLF","497","",1,"Ogaden",2005,58,58,695,3,"Ethiopia","530","","","","530","530","4","23,1",329,2005
329,"719","Ethiopia","Government of Ethiopia","97","","ONLF","497","",1,"Ogaden",2006,25,0,818,3,"Ethiopia","530","","","","530","530","4","23,1",329,2006
329,"719","Ethiopia","Government of Ethiopia","97","","ONLF","497","",1,"Ogaden",2007,152,152,737,3,"Ethiopia","530","","","","530","530","4","23,1",329,2007
329,"719","Ethiopia","Government of Ethiopia","97","","ONLF","497","",1,"Ogaden",2008,25,25,416,3,"Ethiopia","530","","","","530","530","4","23,1",329,2008
329,"719","Ethiopia","Government of Ethiopia","97","","ONLF","497","",1,"Ogaden",2009,473,473,995,3,"Ethiopia","530","","","","530","530","4","23,1",329,2009
329,"719","Ethiopia","Government of Ethiopia","97","","ONLF","497","",1,"Ogaden",2010,126,123,1860,3,"Somalia, Ethiopia","530","","","","530","530, 520","4","23,1",329,2010
329,"719","Ethiopia","Government of Ethiopia","97","","ONLF","497","",1,"Ogaden",2011,25,25,379,3,"Kenya, Ethiopia","530","","","","530","530, 501","4","23,1",329,2011
329,"719","Ethiopia","Government of Ethiopia","97","","ONLF","497","",1,"Ogaden",2012,25,25,406,3,"Ethiopia","530","","","","530","530","4","23,1",329,2012
329,"719","Ethiopia","Government of Ethiopia","97","","ONLF","497","",1,"Ogaden",2013,52,52,908,3,"Ethiopia","530","","","","530","530","4","23,1",329,2013
329,"719","Ethiopia","Government of Ethiopia","97","","ONLF","497","",1,"Ogaden",2014,25,25,222,3,"Ethiopia","530","","","","530","530","4","23,1",329,2014
329,"719","Ethiopia","Government of Ethiopia","97","","ONLF","497","",1,"Ogaden",2015,25,0,138,3,"Ethiopia","530","","","","530","530","4","23,1",329,2015
329,"719","Ethiopia","Government of Ethiopia","97","","ONLF","497","",1,"Ogaden",2016,25,0,50,3,"Ethiopia","530","","","","530","530","4","23,1",329,2016
330,"720","Indonesia","Government of Indonesia","155","","CNRT","290","",1,"East Timor",1992,39,39,39,3,"Indonesia","850","","","","850","850","3","23,1",330,1992
330,"720","Indonesia","Government of Indonesia","155","","CNRT","290","",1,"East Timor",1997,51,51,79,3,"Indonesia","850","","","","850","850","3","23,1",330,1997
330,"720","Indonesia","Government of Indonesia","155","","CNRT","290","",1,"East Timor",1998,30,14,48,3,"Indonesia","850","","","","850","850","3","23,1",330,1998
330,"720","Indonesia","Government of Indonesia","155","","CNRT","290","",1,"East Timor",1999,26,26,30,3,"Indonesia","850","","","","850","850","3","23,1",330,1999
331,"721","Morocco","Government of Morocco","108","","POLISARIO","563","",1,"Sahrawi Arab Democratic Republic (Western Sahara)",1989,207,207,378,3,"Morocco","600","","","","600","600","4","23,1",331,1989
332,"722","Mozambique","Government of Mozambique","100","","Renamo","498","",2,"",2016,55,46,64,3,"Mozambique","541","","","","541","541","4","23,1",332,2016
332,"15516","Mozambique","Government of Mozambique","100","","ASWJ","7032","",2,"",2018,53,47,55,3,"Mozambique","541","","","","541","541","4","23,1",332,2018
332,"15516","Mozambique","Government of Mozambique","100","","ASWJ","7032","",2,"",2019,97,93,99,3,"Mozambique","541","","","","541","541","4","23,1",332,2019
332,"722","Mozambique","Government of Mozambique","100","Government of Zimbabwe (Rhodesia)","Renamo","498","",2,"",1989,1149,1144,3750,4,"Mozambique","541","552","","","541","541","4","23,1",332,1989
332,"722","Mozambique","Government of Mozambique","100","Government of Zimbabwe (Rhodesia)","Renamo","498","",2,"",1990,1577,327,1577,4,"Mozambique","541","552","","","541","541","4","23,1",332,1990
332,"722","Mozambique","Government of Mozambique","100","","Renamo","498","",2,"",1991,1326,365,2359,3,"Mozambique","541","","","","541","541","4","23,1",332,1991
332,"722","Mozambique","Government of Mozambique","100","","Renamo","498","",2,"",1992,309,309,445,3,"Mozambique","541","","","","541","541","4","23,1",332,1992
332,"722","Mozambique","Government of Mozambique","100","","Renamo","498","",2,"",2013,42,29,112,3,"Mozambique","541","","","","541","541","4","23,1",332,2013
332,"722","Mozambique","Government of Mozambique","100","","Renamo","498","",2,"",2014,30,22,35,3,"Mozambique","541","","","","541","541","4","23,1",332,2014
13653,"14685","India","Government of India","141","","UNLFW","6320","",1,"Western South East Asia",2016,47,47,69,3,"India","750","","","","750","750","3","23,1",13653,2016
13653,"14685","India","Government of India","141","","UNLFW","6320","",1,"Western South East Asia",2017,39,39,41,3,"India","750","","","","750","750","3","23,1",13653,2017
13653,"14685","India","Government of India","141","","UNLFW","6320","",1,"Western South East Asia",2018,27,26,28,3,"India","750","","","","750","750","3","23,1",13653,2018
13653,"14685","India","Government of India","141","","UNLFW","6320","",1,"Western South East Asia",2015,161,98,192,3,"India","750","","","","750","750","3","23,1",13653,2015
333,"732, 727, 726, 729, 724","Afghanistan","Government of Afghanistan","130","Government of Russia (Soviet Union)","Jam'iyyat-i Islami-yi Afghanistan, Hizb-i Islami-yi Afghanistan - Khalis faction, Hizb-i Islami-yi Afghanistan, Hizb-i Wahdat, Mahaz-i Milli-yi Islami-yi Afghanistan","294, 299, 296, 300, 292","",2,"",1989,5174,1904,17051,4,"Afghanistan","700","365","","","700","700","3","23,1",333,1989
333,"732, 727, 726, 733, 724","Afghanistan","Government of Afghanistan","130","","Military faction (forces of Shahnawaz Tanay), Jam'iyyat-i Islami-yi Afghanistan, Hizb-i Islami-yi Afghanistan - Khalis faction, Hizb-i Islami-yi Afghanistan, Hizb-i Wahdat","294, 301, 299, 300, 292","",2,"",1990,1478,1323,2275,3,"Afghanistan","700","","","","700","700","3","23,1",333,1990
333,"732, 726, 727, 724","Afghanistan","Government of Afghanistan","130","","Hizb-i Wahdat, Jam'iyyat-i Islami-yi Afghanistan, Hizb-i Islami-yi Afghanistan - Khalis faction, Hizb-i Islami-yi Afghanistan","292, 299, 294, 300","",2,"",1991,3302,3156,3802,3,"Afghanistan","700","","","","700","700","3","23,1",333,1991
333,"726, 732, 724","Afghanistan","Government of Afghanistan","130","","Hizb-i Wahdat, Jam'iyyat-i Islami-yi Afghanistan, Hizb-i Islami-yi Afghanistan","292, 299, 300","",2,"",1992,4276,4259,5460,3,"Afghanistan","700","","","","700","700","3","23,1",333,1992
333,"734, 732, 726","Afghanistan","Government of Afghanistan","130","","Hizb-i Wahdat, Junbish-i Milli-yi Islami, Hizb-i Islami-yi Afghanistan","299, 302, 300","",2,"",1993,3721,3713,7805,3,"Afghanistan","700","","","","700","700","3","23,1",333,1993
333,"734, 732, 726","Afghanistan","Government of Afghanistan","130","","Hizb-i Wahdat, Junbish-i Milli-yi Islami, Hizb-i Islami-yi Afghanistan","299, 302, 300","",2,"",1994,8937,8937,11955,3,"Afghanistan","700","","","","700","700","3","23,1",333,1994
333,"735, 734, 732, 726","Afghanistan","Government of Afghanistan","130","","Hizb-i Wahdat, Junbish-i Milli-yi Islami, Taleban, Hizb-i Islami-yi Afghanistan","303, 299, 302, 300","",2,"",1995,5516,5516,6490,3,"Afghanistan, Pakistan","700","","","","700","770, 700","3","23,1",333,1995
333,"736, 735, 724","Afghanistan","Government of Afghanistan","130","","UIFSA, Jam'iyyat-i Islami-yi Afghanistan, Taleban","303, 292, 304","",2,"",1996,3177,3161,3638,3,"Afghanistan","700","","","","700","700","3","23,1",333,1996
333,"736","Afghanistan","Government of Afghanistan","130","","UIFSA","304","",2,"",1997,6396,4244,8281,3,"Afghanistan","700","","","","700","700","3","23,1",333,1997
333,"736","Afghanistan","Government of Afghanistan","130","","UIFSA","304","",2,"",1998,6256,6168,7698,3,"Afghanistan","700","","","","700","700","3","23,1",333,1998
333,"736","Afghanistan","Government of Afghanistan","130","","UIFSA","304","",2,"",1999,4629,4594,4945,3,"Afghanistan","700","","","","700","700","3","23,1",333,1999
333,"736","Afghanistan","Government of Afghanistan","130","","UIFSA","304","",2,"",2000,5235,4053,5511,3,"Afghanistan","700","","","","700","700","3","23,1",333,2000
333,"736","Afghanistan","Government of Afghanistan","130","","UIFSA","304","Government of Iran",2,"",2001,2328,2217,7657,4,"Afghanistan","700","","","630","700","700","3","23,1",333,2001
333,"726","Afghanistan","Government of Afghanistan","130","","Hizb-i Islami-yi Afghanistan","299","",2,"",2002,30,30,30,3,"Afghanistan","700","","","","700","700","3","23,1",333,2002
333,"735, 726","Afghanistan","Government of Afghanistan","130","Government of Denmark, Government of France, Government of Australia, Government of Germany, Government of Poland, Government of New Zealand, Government of Romania, Government of Norway, Government of Italy, Government of Netherlands, Government of United States of America, Government of United Kingdom","Taleban, Hizb-i Islami-yi Afghanistan","303, 299","",2,"",2003,660,646,984,4,"Afghanistan","700","900, 390, 290, 200, 2, 325, 360, 210, 220, 385, 920, 260","","","700","700","3","23,1",333,2003
333,"735","Afghanistan","Government of Afghanistan","130","Government of Spain, Government of France, Government of Germany, Government of Poland, Government of Belgium, Government of Romania, Government of Slovakia, Government of Portugal, Government of Czech Republic, Government of Pakistan, Government of Italy, Government of United States of America, Government of Canada, Government of United Kingdom","Taleban","303","",2,"",2004,711,669,1245,4,"Afghanistan, Pakistan","700","211, 290, 200, 2, 317, 325, 235, 230, 20, 360, 316, 220, 770, 260","","","700","770, 700","3","23,1",333,2004
333,"735","Afghanistan","Government of Afghanistan","130","Government of Denmark, Government of Spain, Government of France, Government of Australia, Government of Germany, Government of Poland, Government of Belgium, Government of Romania, Government of Norway, Government of Slovakia, Government of Pakistan, Government of Italy, Government of Netherlands, Government of United States of America, Government of Canada, Government of United Kingdom","Taleban","303","",2,"",2005,1628,1424,1992,4,"Afghanistan, Pakistan","700","900, 390, 211, 290, 200, 2, 317, 325, 230, 20, 360, 210, 220, 385, 770, 260","","","700","770, 700","3","23,1",333,2005
333,"735, 726","Afghanistan","Government of Afghanistan","130","Government of Germany, Government of Azerbaijan, Government of Slovakia, Government of Portugal, Government of Italy, Government of Netherlands, Government of Australia, Government of Finland, Government of France, Government of Belgium, Government of Croatia, Government of Romania, Government of Austria, Government of New Zealand, Government of Denmark, Government of Slovenia, Government of Greece, Government of Albania, Government of Bulgaria, Government of United States of America, Government of Canada, Government of Iceland, Government of Luxembourg, Government of Hungary, Government of Ireland, Government of Lithuania, Government of North Macedonia, Government of Poland, Government of Spain, Government of Sweden, Government of Estonia, Government of Switzerland, Government of Norway, Government of Czech Republic, Government of Pakistan, Government of Turkey, Government of Latvia, Government of United Kingdom","Taleban, Hizb-i Islami-yi Afghanistan","303, 299","",2,"",2006,4734,4665,5543,4,"Afghanistan, Pakistan","700","205, 317, 367, 343, 20, 316, 375, 225, 344, 390, 368, 339, 212, 325, 395, 230, 366, 349, 310, 305, 385, 770, 900, 211, 355, 373, 290, 200, 350, 380, 2, 235, 360, 210, 220, 920, 260, 640","","","700","770, 700","3","23,1",333,2006
333,"735","Afghanistan","Government of Afghanistan","130","Government of Germany, Government of Azerbaijan, Government of Jordan, Government of Slovakia, Government of Portugal, Government of Italy, Government of Netherlands, Government of Australia, Government of Finland, Government of France, Government of Belgium, Government of Croatia, Government of Romania, Government of Austria, Government of New Zealand, Government of Denmark, Government of Slovenia, Government of Greece, Government of Albania, Government of Bulgaria, Government of United States of America, Government of Canada, Government of Iceland, Government of Luxembourg, Government of Hungary, Government of Ireland, Government of Lithuania, Government of North Macedonia, Government of Poland, Government of Spain, Government of Sweden, Government of Estonia, Government of Switzerland, Government of Norway, Government of Czech Republic, Government of Pakistan, Government of Turkey, Government of Latvia, Government of United Kingdom","Taleban","303","",2,"",2007,6848,6303,8386,4,"Afghanistan, Pakistan","700","205, 317, 367, 343, 20, 316, 375, 225, 344, 390, 368, 339, 212, 325, 395, 230, 366, 663, 349, 310, 305, 385, 770, 900, 211, 355, 373, 290, 200, 350, 380, 2, 235, 360, 210, 220, 920, 260, 640","","","700","770, 700","3","23,1",333,2007
333,"735, 726","Afghanistan","Government of Afghanistan","130","Government of Germany, Government of Azerbaijan, Government of Slovakia, Government of Portugal, Government of Italy, Government of Netherlands, Government of Australia, Government of Finland, Government of France, Government of Belgium, Government of Croatia, Government of Romania, Government of Austria, Government of Georgia, Government of New Zealand, Government of Denmark, Government of Slovenia, Government of Greece, Government of Albania, Government of Bulgaria, Government of United States of America, Government of Canada, Government of Iceland, Government of Luxembourg, Government of Hungary, Government of Ireland, Government of Lithuania, Government of Poland, Government of Spain, Government of Sweden, Government of Estonia, Government of Norway, Government of Czech Republic, Government of Pakistan, Government of Turkey, Government of Latvia, Government of United Kingdom","Taleban, Hizb-i Islami-yi Afghanistan","303, 299","",2,"",2008,5655,5204,7189,4,"Afghanistan, Pakistan","700","205, 317, 367, 20, 316, 375, 344, 390, 368, 339, 212, 325, 395, 230, 366, 349, 310, 305, 385, 770, 900, 211, 355, 373, 290, 200, 350, 380, 2, 235, 372, 360, 210, 220, 920, 260, 640","","","700","770, 700","3","23,1",333,2008
333,"735, 726","Afghanistan","Government of Afghanistan","130","Government of Germany, Government of Azerbaijan, Government of Slovakia, Government of Portugal, Government of Italy, Government of Netherlands, Government of Australia, Government of Finland, Government of France, Government of Belgium, Government of United Arab Emirates, Government of Singapore, Government of Croatia, Government of Romania, Government of Georgia, Government of New Zealand, Government of Denmark, Government of Slovenia, Government of Greece, Government of Bosnia-Herzegovina, Government of Albania, Government of Bulgaria, Government of United States of America, Government of Canada, Government of Iceland, Government of Luxembourg, Government of Hungary, Government of Lithuania, Government of North Macedonia, Government of Poland, Government of Spain, Government of Sweden, Government of Ukraine, Government of Estonia, Government of Norway, Government of Czech Republic, Government of Pakistan, Government of Turkey, Government of Latvia, Government of United Kingdom","Taleban, Hizb-i Islami-yi Afghanistan","303, 299","",2,"",2009,6390,5659,8063,4,"Afghanistan, Pakistan","700","369, 346, 317, 367, 343, 20, 316, 375, 344, 390, 368, 339, 212, 325, 395, 230, 366, 349, 310, 696, 385, 830, 770, 900, 211, 355, 373, 290, 200, 350, 380, 2, 235, 372, 360, 210, 220, 920, 260, 640","","","700","770, 700","3","23,1",333,2009
333,"735, 726","Afghanistan","Government of Afghanistan","130","Government of Mongolia, Government of Germany, Government of Azerbaijan, Government of Jordan, Government of Slovakia, Government of Portugal, Government of Italy, Government of Netherlands, Government of Australia, Government of Finland, Government of France, Government of Belgium, Government of United Arab Emirates, Government of Singapore, Government of Croatia, Government of Romania, Government of Austria, Government of Georgia, Government of New Zealand, Government of Denmark, Government of Slovenia, Government of Armenia, Government of Greece, Government of South Korea, Government of Bosnia-Herzegovina, Government of Albania, Government of Bulgaria, Government of United States of America, Government of Canada, Government of Iceland, Government of Luxembourg, Government of Hungary, Government of Ireland, Government of Lithuania, Government of North Macedonia, Government of Poland, Government of Spain, Government of Sweden, Government of Ukraine, Government of Estonia, Government of Malaysia, Government of Norway, Government of Czech Republic, Government of Pakistan, Government of Turkey, Government of Latvia, Government of Montenegro, Government of United Kingdom","Taleban, Hizb-i Islami-yi Afghanistan","303, 299","",2,"",2010,7038,6865,8465,4,"Afghanistan, Pakistan","700","369, 205, 346, 317, 367, 343, 20, 316, 375, 344, 390, 368, 732, 339, 212, 325, 395, 230, 366, 341, 663, 349, 712, 310, 696, 305, 371, 385, 830, 770, 900, 211, 355, 373, 290, 200, 350, 380, 820, 2, 235, 372, 360, 210, 220, 920, 260, 640","","","700","770, 700","3","23,1",333,2010
333,"735, 726","Afghanistan","Government of Afghanistan","130","Government of Mongolia, Government of Germany, Government of Azerbaijan, Government of Slovakia, Government of Portugal, Government of El Salvador, Government of Italy, Government of Netherlands, Government of Australia, Government of Finland, Government of France, Government of Belgium, Government of United Arab Emirates, Government of Singapore, Government of Croatia, Government of Romania, Government of Austria, Government of Georgia, Government of New Zealand, Government of Tonga, Government of Denmark, Government of Slovenia, Government of Armenia, Government of Greece, Government of South Korea, Government of Bosnia-Herzegovina, Government of Albania, Government of Bulgaria, Government of United States of America, Government of Canada, Government of Iceland, Government of Luxembourg, Government of Hungary, Government of Ireland, Government of Lithuania, Government of North Macedonia, Government of Poland, Government of Spain, Government of Sweden, Government of Ukraine, Government of Estonia, Government of Malaysia, Government of Norway, Government of Czech Republic, Government of Pakistan, Government of Turkey, Government of Latvia, Government of Montenegro, Government of United Kingdom","Taleban, Hizb-i Islami-yi Afghanistan","303, 299","",2,"",2011,7423,7279,8290,4,"Afghanistan, Pakistan","700","369, 205, 92, 346, 317, 367, 343, 20, 972, 316, 375, 344, 390, 368, 732, 339, 212, 325, 395, 230, 366, 341, 349, 712, 310, 696, 305, 371, 385, 830, 770, 900, 211, 355, 373, 290, 200, 350, 380, 820, 2, 235, 372, 360, 210, 220, 920, 260, 640","","","700","770, 700","3","23,1",333,2011
333,"735","Afghanistan","Government of Afghanistan","130","Government of Mongolia, Government of Germany, Government of Azerbaijan, Government of Slovakia, Government of Portugal, Government of El Salvador, Government of Italy, Government of Netherlands, Government of Bahrain, Government of Australia, Government of Finland, Government of France, Government of Belgium, Government of United Arab Emirates, Government of Singapore, Government of Croatia, Government of Romania, Government of Austria, Government of Georgia, Government of New Zealand, Government of Tonga, Government of Denmark, Government of Slovenia, Government of Armenia, Government of Greece, Government of South Korea, Government of Bosnia-Herzegovina, Government of Albania, Government of Bulgaria, Government of United States of America, Government of Canada, Government of Iceland, Government of Luxembourg, Government of Hungary, Government of Ireland, Government of Lithuania, Government of North Macedonia, Government of Poland, Government of Spain, Government of Sweden, Government of Ukraine, Government of Estonia, Government of Malaysia, Government of Norway, Government of Czech Republic, Government of Pakistan, Government of Turkey, Government of Latvia, Government of Montenegro, Government of United Kingdom","Taleban","303","",2,"",2012,7730,7558,8541,4,"Afghanistan, Pakistan","700","369, 205, 92, 346, 317, 367, 343, 20, 972, 316, 375, 344, 390, 368, 732, 339, 212, 325, 395, 230, 366, 341, 349, 712, 310, 692, 696, 305, 371, 385, 830, 770, 900, 211, 355, 373, 290, 200, 350, 380, 820, 2, 235, 372, 360, 210, 220, 920, 260, 640","","","700","770, 700","3","23,1",333,2012
333,"735, 726","Afghanistan","Government of Afghanistan","130","Government of Mongolia, Government of Germany, Government of Azerbaijan, Government of Slovakia, Government of Portugal, Government of El Salvador, Government of Italy, Government of Netherlands, Government of Australia, Government of Finland, Government of France, Government of Belgium, Government of United Arab Emirates, Government of Singapore, Government of Croatia, Government of Romania, Government of Austria, Government of Georgia, Government of New Zealand, Government of Tonga, Government of Denmark, Government of Slovenia, Government of Armenia, Government of Greece, Government of South Korea, Government of Bosnia-Herzegovina, Government of Albania, Government of Bulgaria, Government of United States of America, Government of Canada, Government of Iceland, Government of Luxembourg, Government of Hungary, Government of Ireland, Government of Lithuania, Government of North Macedonia, Government of Poland, Government of Spain, Government of Sweden, Government of Ukraine, Government of Estonia, Government of Malaysia, Government of Norway, Government of Czech Republic, Government of Pakistan, Government of Turkey, Government of Latvia, Government of Montenegro, Government of United Kingdom","Taleban, Hizb-i Islami-yi Afghanistan","303, 299","",2,"",2013,8048,7612,10172,4,"Afghanistan, Pakistan","700","369, 205, 92, 346, 317, 367, 343, 20, 972, 316, 375, 344, 390, 368, 732, 339, 212, 325, 395, 230, 366, 341, 349, 712, 310, 696, 305, 371, 385, 830, 770, 900, 211, 355, 373, 290, 200, 350, 380, 820, 2, 235, 372, 360, 210, 220, 920, 260, 640","","","700","770, 700","3","23,1",333,2013
333,"735","Afghanistan","Government of Afghanistan","130","Government of Mongolia, Government of Germany, Government of Azerbaijan, Government of Jordan, Government of Slovakia, Government of Portugal, Government of El Salvador, Government of Italy, Government of Netherlands, Government of Australia, Government of Finland, Government of France, Government of Belgium, Government of United Arab Emirates, Government of Croatia, Government of Romania, Government of Austria, Government of Georgia, Government of New Zealand, Government of Tonga, Government of Denmark, Government of Slovenia, Government of Armenia, Government of Greece, Government of South Korea, Government of Bosnia-Herzegovina, Government of Albania, Government of Bulgaria, Government of United States of America, Government of Canada, Government of Iceland, Government of Luxembourg, Government of Hungary, Government of Ireland, Government of Lithuania, Government of North Macedonia, Government of Poland, Government of Spain, Government of Sweden, Government of Ukraine, Government of Estonia, Government of Malaysia, Government of Norway, Government of Czech Republic, Government of Pakistan, Government of Turkey, Government of Latvia, Government of Montenegro, Government of United Kingdom","Taleban","303","",2,"",2014,12351,11561,15724,4,"Afghanistan, Pakistan","700","369, 205, 92, 346, 317, 367, 343, 20, 972, 316, 375, 344, 390, 368, 732, 339, 212, 325, 395, 230, 366, 341, 663, 349, 712, 310, 696, 305, 371, 385, 770, 900, 211, 355, 373, 290, 200, 350, 380, 820, 2, 235, 372, 360, 210, 220, 920, 260, 640","","","700","770, 700","3","23,1",333,2014
333,"735","Afghanistan","Government of Afghanistan","130","Government of United States of America, Government of Pakistan","Taleban","303","",2,"",2015,16581,15562,19807,4,"Afghanistan, Pakistan","700","770, 2","","","700","770, 700","3","23,1",333,2015
333,"735","Afghanistan","Government of Afghanistan","130","Government of United States of America, Government of Pakistan","Taleban","303","",2,"",2016,15775,14410,22162,4,"Afghanistan, Pakistan","700","770, 2","","","700","770, 700","3","23,1",333,2016
333,"735","Afghanistan","Government of Afghanistan","130","Government of United States of America, Government of Pakistan","Taleban","303","",2,"",2017,16179,15404,17689,4,"Afghanistan, Pakistan","700","770, 2","","","700","770, 700","3","23,1",333,2017
333,"735","Afghanistan","Government of Afghanistan","130","Government of United States of America, Government of Pakistan","Taleban","303","",2,"",2018,22837,21486,24818,4,"Afghanistan, Pakistan","700","770, 2","","","700","770, 700","3","23,1",333,2018
333,"735","Afghanistan","Government of Afghanistan","130","Government of United States of America","Taleban","303","",2,"",2019,28828,26973,33289,4,"Afghanistan","700","2","","","700","700","3","23,1",333,2019
333,"735, 16210","Afghanistan","Government of Afghanistan","130","Government of United States of America","High Council of Afghanistan Islamic Emirate, Taleban","303, 6252","",2,"",2020,20159,18696,21387,4,"Afghanistan","700","2","","","700","700","3","23,1",333,2020
333,"735, 16825","Afghanistan","Government of Afghanistan","130","Government of United States of America","Taleban, NRF","303, 8114","",2,"",2021,35329,33413,39549,4,"Afghanistan","700","2","","","700","700","3","23,1",333,2021
333,"16825, 17083","Afghanistan","Government of Afghanistan","130","","AFF, NRF","8343, 8114","",2,"",2022,600,383,1167,3,"Afghanistan","700","","","","700","700","3","23,1",333,2022
335,"739","India","Government of India","141","","ATTF","306","",1,"Tripura",1992,29,29,31,3,"India","750","","","","750","750","3","23,1",335,1992
335,"739, 740","India","Government of India","141","","ATTF, NLFT","307, 306","",1,"Tripura",1997,72,52,72,3,"India","750","","","","750","750","3","23,1",335,1997
335,"740","India","Government of India","141","","NLFT","307","",1,"Tripura",1999,32,38,38,3,"India","750","","","","750","750","3","23,1",335,1999
335,"740","India","Government of India","141","","NLFT","307","",1,"Tripura",2000,61,59,64,3,"India","750","","","","750","750","3","23,1",335,2000
335,"740","India","Government of India","141","","NLFT","307","",1,"Tripura",2001,32,32,32,3,"India","750","","","","750","750","3","23,1",335,2001
335,"740","India","Government of India","141","","NLFT","307","",1,"Tripura",2002,40,40,40,3,"India","750","","","","750","750","3","23,1",335,2002
335,"740","India","Government of India","141","","NLFT","307","",1,"Tripura",2003,32,32,32,3,"India","750","","","","750","750","3","23,1",335,2003
335,"11299","India","Government of India","141","","NLFT-B","2939","",1,"Tripura",2004,26,26,26,3,"India","750","","","","750","750","3","23,1",335,2004
336,"742","Nicaragua","Government of Nicaragua","14","","Contras","759","",2,"",1989,526,526,533,3,"Nicaragua","93","","","","93","93","5","23,1",336,1989
336,"742","Nicaragua","Government of Nicaragua","14","","Contras","759","",2,"",1990,39,39,43,3,"Nicaragua","93","","","","93","93","5","23,1",336,1990
337,"745, 744","Somalia","Government of Somalia","95","","SPM, SNM","500, 501","",2,"",1989,379,379,4504,3,"Djibouti, Somalia","520","","","","520","520, 522","4","23,1",337,1989
337,"746, 745, 744","Somalia","Government of Somalia","95","","SPM, SNM, USC/SSA","502, 500, 501","",2,"",1990,2710,1641,2962,3,"Djibouti, Somalia","520","","","","520","520, 522","4","23,1",337,1990
337,"746, 747, 745, 744","Somalia","Government of Somalia","95","","USC/SSA, SPM, SNM, USC/SNA","502, 500, 503, 501","",2,"",1991,8005,7230,9005,3,"Somalia","520","","","","520","520","4","23,1",337,1991
337,"747","Somalia","Government of Somalia","95","","USC/SNA","503","",2,"",1992,1154,1154,9823,3,"Somalia","520","","","","520","520","4","23,1",337,1992
337,"747","Somalia","Government of Somalia","95","","USC/SNA","503","",2,"",1993,25,18,25,3,"Somalia","520","","","","520","520","4","23,1",337,1993
337,"747","Somalia","Government of Somalia","95","","USC/SNA","503","",2,"",1994,237,237,614,3,"Somalia","520","","","","520","520","4","23,1",337,1994
337,"747","Somalia","Government of Somalia","95","","USC/SNA","503","",2,"",1995,104,97,108,3,"Somalia","520","","","","520","520","4","23,1",337,1995
337,"747","Somalia","Government of Somalia","95","","USC/SNA","503","",2,"",1996,256,255,308,3,"Somalia","520","","","","520","520","4","23,1",337,1996
337,"748","Somalia","Government of Somalia","95","","SRRC","504","",2,"",2001,228,223,268,3,"Somalia","520","","","","520","520","4","23,1",337,2001
337,"748","Somalia","Government of Somalia","95","","SRRC","504","",2,"",2002,114,113,207,3,"Somalia","520","","","","520","520","4","23,1",337,2002
337,"749","Somalia","Government of Somalia","95","Government of Ethiopia","ARS/UIC","505","Government of Eritrea",2,"",2006,547,463,1293,4,"Somalia","520","530","","531","520","520","4","23,1",337,2006
337,"749","Somalia","Government of Somalia","95","Government of Ethiopia","ARS/UIC","505","",2,"",2007,1546,1528,2046,4,"Somalia, Kenya","520","530","","","520","520, 501","4","23,1",337,2007
337,"749, 750","Somalia","Government of Somalia","95","Government of Ethiopia","ARS/UIC, Al-Shabaab","505, 717","",2,"",2008,1491,1433,2075,4,"Somalia","520","530","","","520","520","4","23,1",337,2008
337,"752, 750","Somalia","Government of Somalia","95","Government of Ethiopia","Hizbul Islam, Al-Shabaab","1004, 717","",2,"",2009,1467,1263,1751,4,"Somalia","520","530","","","520","520","4","23,1",337,2009
337,"752, 750","Somalia","Government of Somalia","95","Government of Ethiopia","Hizbul Islam, Al-Shabaab","1004, 717","",2,"",2010,2150,1915,2355,4,"Somalia","520","530","","","520","520","4","23,1",337,2010
337,"750","Somalia","Government of Somalia","95","Government of Kenya, Government of Ethiopia","Al-Shabaab","717","",2,"",2011,1938,1559,2259,4,"Somalia, Kenya","520","530, 501","","","520","520, 501","4","23,1",337,2011
337,"750","Somalia","Government of Somalia","95","Government of Djibouti, Government of Ghana, Government of Nigeria, Government of Burundi, Government of Uganda, Government of Kenya, Government of Ethiopia, Government of Sierra Leone","Al-Shabaab","717","",2,"",2012,2646,2470,2945,4,"Somalia, Kenya","520","475, 500, 452, 501, 516, 522, 451, 530","","","520","520, 501","4","23,1",337,2012
337,"750","Somalia","Government of Somalia","95","Government of Djibouti, Government of Ghana, Government of Nigeria, Government of Burundi, Government of Uganda, Government of Kenya, Government of Ethiopia, Government of Sierra Leone","Al-Shabaab","717","",2,"",2013,940,760,1769,4,"Somalia, Kenya, Ethiopia","520","475, 500, 452, 501, 516, 522, 451, 530","","","520","520, 530, 501","4","23,1",337,2013
337,"750","Somalia","Government of Somalia","95","Government of Djibouti, Government of Ghana, Government of Nigeria, Government of Burundi, Government of Uganda, Government of Kenya, Government of Ethiopia, Government of Sierra Leone","Al-Shabaab","717","",2,"",2014,1153,905,2303,4,"Somalia, Kenya, Ethiopia","520","475, 500, 452, 501, 516, 522, 451, 530","","","520","520, 530, 501","4","23,1",337,2014
337,"750","Somalia","Government of Somalia","95","Government of Djibouti, Government of Ghana, Government of Nigeria, Government of Burundi, Government of Uganda, Government of Kenya, Government of Ethiopia, Government of Sierra Leone, Government of United States of America","Al-Shabaab","717","",2,"",2015,1206,927,2502,4,"Somalia, Kenya","520","475, 500, 452, 501, 516, 2, 522, 451, 530","","","520","520, 501","4","23,1",337,2015
337,"750","Somalia","Government of Somalia","95","Government of Djibouti, Government of Ghana, Government of Nigeria, Government of Burundi, Government of Uganda, Government of Kenya, Government of Ethiopia, Government of Sierra Leone, Government of United States of America","Al-Shabaab","717","",2,"",2016,1933,1207,3127,4,"Somalia","520","475, 500, 452, 501, 516, 2, 522, 451, 530","","","520","520","4","23,1",337,2016
337,"750","Somalia","Government of Somalia","95","Government of Djibouti, Government of Ghana, Government of Nigeria, Government of Burundi, Government of Uganda, Government of Kenya, Government of Ethiopia, Government of Sierra Leone, Government of United States of America","Al-Shabaab","717","",2,"",2017,1918,1778,2601,4,"Somalia","520","475, 500, 452, 501, 516, 2, 522, 451, 530","","","520","520","4","23,1",337,2017
337,"750","Somalia","Government of Somalia","95","Government of Djibouti, Government of Ghana, Government of Nigeria, Government of Burundi, Government of Uganda, Government of Kenya, Government of Ethiopia, Government of Zambia, Government of Sierra Leone, Government of United States of America","Al-Shabaab","717","",2,"",2018,2083,1814,2954,4,"Somalia","520","475, 500, 452, 551, 501, 516, 2, 522, 451, 530","","","520","520","4","23,1",337,2018
337,"750","Somalia","Government of Somalia","95","Government of Djibouti, Government of Ghana, Government of Nigeria, Government of Burundi, Government of Uganda, Government of Kenya, Government of Ethiopia, Government of Zambia, Government of Sierra Leone, Government of United States of America","Al-Shabaab","717","",2,"",2019,1910,1660,2395,4,"Somalia","520","475, 500, 452, 551, 501, 516, 2, 522, 451, 530","","","520","520","4","23,1",337,2019
337,"750","Somalia","Government of Somalia","95","Government of Djibouti, Government of Ghana, Government of Nigeria, Government of Burundi, Government of Uganda, Government of Kenya, Government of Ethiopia, Government of Zambia, Government of Sierra Leone, Government of United States of America","Al-Shabaab","717","",2,"",2020,1901,1866,2192,4,"Somalia","520","475, 500, 452, 551, 501, 516, 2, 522, 451, 530","","","520","520","4","23,1",337,2020
337,"750","Somalia","Government of Somalia","95","Government of Djibouti, Government of Ghana, Government of Nigeria, Government of Burundi, Government of Uganda, Government of Kenya, Government of Ethiopia, Government of Zambia, Government of Sierra Leone, Government of United States of America","Al-Shabaab","717","",2,"",2021,2119,2110,2645,4,"Somalia, Ethiopia","520","475, 500, 452, 551, 501, 516, 2, 522, 451, 530","","","520","530, 520","4","23,1",337,2021
337,"750","Somalia","Government of Somalia","95","Government of Djibouti, Government of Ghana, Government of Nigeria, Government of Burundi, Government of Uganda, Government of Kenya, Government of Ethiopia, Government of Zambia, Government of Sierra Leone, Government of United States of America","Al-Shabaab","717","",2,"",2022,3034,3006,4233,4,"Somalia, Ethiopia","520","475, 500, 452, 551, 501, 516, 2, 522, 451, 530","","","520","530, 520","4","23,1",337,2022
338,"754","Iran","Government of Iran","114","","PJAK","309","",2,"",2018,28,27,37,3,"Iraq, Iran","630","","","","630","630, 645","2","23,1",338,2018
338,"12556","Iran","Government of Iran","114","","Jaish al-Adl","4364","",2,"",2019,31,31,46,3,"Iran","630","","","","630","630","2","23,1",338,2019
338,"754","Iran","Government of Iran","114","","PJAK","309","",2,"",2020,35,27,44,3,"Iraq, Iran","630","","","","630","630, 645","2","23,1",338,2020
338,"754","Iran","Government of Iran","114","","PJAK","309","",2,"",2021,30,18,30,3,"Iraq, Iran","630","","","","630","630, 645","2","23,1",338,2021
338,"753","Iran","Government of Iran","114","","MEK","308","",2,"",1991,45,45,45,3,"Iraq, Iran","630","","","","630","630, 645","2","23,1",338,1991
338,"753","Iran","Government of Iran","114","","MEK","308","",2,"",1993,76,76,152,3,"Italy, Iraq, Iran, Pakistan","630","","","","630","325, 770, 630, 645","2","23,1",338,1993
338,"753","Iran","Government of Iran","114","","MEK","308","",2,"",1997,38,38,42,3,"Iraq, Iran","630","","","","630","630, 645","2","23,1",338,1997
338,"753","Iran","Government of Iran","114","","MEK","308","",2,"",1999,28,28,35,3,"Iraq, Iran","630","","","","630","630, 645","2","23,1",338,1999
338,"753","Iran","Government of Iran","114","","MEK","308","",2,"",2000,40,40,77,3,"Iraq, Iran","630","","","","630","630, 645","2","23,1",338,2000
338,"753","Iran","Government of Iran","114","","MEK","308","",2,"",2001,119,119,149,3,"Iraq, Iran","630","","","","630","630, 645","2","23,1",338,2001
338,"754","Iran","Government of Iran","114","","PJAK","309","",2,"",2005,28,28,37,3,"Iran","630","","","","630","630","2","23,1",338,2005
338,"755, 754","Iran","Government of Iran","114","","Jondullah, PJAK","310, 309","",2,"",2006,57,52,123,3,"Iraq, Iran","630","","","","630","630, 645","2","23,1",338,2006
338,"755, 754","Iran","Government of Iran","114","","Jondullah, PJAK","310, 309","",2,"",2007,86,61,200,3,"Iraq, Iran","630","","","","630","630, 645","2","23,1",338,2007
338,"755, 754","Iran","Government of Iran","114","","Jondullah, PJAK","310, 309","",2,"",2008,121,121,265,3,"Iraq, Iran, Pakistan","630","","","","630","770, 630, 645","2","23,1",338,2008
338,"755, 754","Iran","Government of Iran","114","","Jondullah, PJAK","310, 309","",2,"",2009,133,121,148,3,"Iran","630","","","","630","630","2","23,1",338,2009
338,"755","Iran","Government of Iran","114","","Jondullah","310","",2,"",2010,74,74,74,3,"Iran","630","","","","630","630","2","23,1",338,2010
338,"754","Iran","Government of Iran","114","","PJAK","309","",2,"",2011,242,235,246,3,"Iraq, Iran","630","","","","630","630, 645","2","23,1",338,2011
341,"759","Liberia","Government of Liberia","79","","NPFL","507","",2,"",1989,27,27,27,3,"Liberia","450","","","","450","450","4","23,1",341,1989
341,"759, 760","Liberia","Government of Liberia","79","","INPFL, NPFL","507, 508","",2,"",1990,347,347,431,3,"Liberia, Ivory Coast","450","","","","450","450, 437","4","23,1",341,1990
341,"761","Liberia","Government of Liberia","79","","LURD","509","",2,"",2000,57,57,57,3,"Liberia","450","","","","450","450","4","23,1",341,2000
341,"761","Liberia","Government of Liberia","79","","LURD","509","",2,"",2001,341,341,341,3,"Liberia","450","","","","450","450","4","23,1",341,2001
341,"761","Liberia","Government of Liberia","79","","LURD","509","",2,"",2002,492,391,517,3,"Liberia","450","","","","450","450","4","23,1",341,2002
341,"762, 761","Liberia","Government of Liberia","79","","LURD, MODEL","509, 510","",2,"",2003,1787,1787,1887,3,"Liberia","450","","","","450","450","4","23,1",341,2003
342,"763","Spain","Government of Spain","35","","ETA","313","",1,"Basque",1991,45,45,45,3,"Spain","230","","","","230","230","1","23,1",342,1991
343,"10882","Tunisia","Government of Tunisia","110","","AQIM","539","",2,"",2013,29,29,30,3,"Tunisia","616","","","","616","616","4","23,1",343,2013
343,"10882","Tunisia","Government of Tunisia","110","","AQIM","539","",2,"",2014,50,50,60,3,"Tunisia","616","","","","616","616","4","23,1",343,2014
343,"14744, 10882","Tunisia","Government of Tunisia","110","","AQIM, JAK-T","6359, 539","",2,"",2015,57,59,61,3,"Tunisia","616","","","","616","616","4","23,1",343,2015
347,"769","India","Government of India","141","","UNLF","315","",1,"Manipur",1993,25,25,25,3,"India","750","","","","750","750","3","23,1",347,1993
347,"769","India","Government of India","141","","UNLF","315","",1,"Manipur",1994,25,25,25,3,"India","750","","","","750","750","3","23,1",347,1994
347,"768","India","Government of India","141","","PLA","314","",1,"Manipur",1995,25,25,25,3,"India","750","","","","750","750","3","23,1",347,1995
347,"768","India","Government of India","141","","PLA","314","",1,"Manipur",1996,28,28,28,3,"India","750","","","","750","750","3","23,1",347,1996
347,"768","India","Government of India","141","","PLA","314","",1,"Manipur",1998,25,25,25,3,"India","750","","","","750","750","3","23,1",347,1998
347,"769","India","Government of India","141","","UNLF","315","",1,"Manipur",1999,31,31,31,3,"India","750","","","","750","750","3","23,1",347,1999
347,"769, 768","India","Government of India","141","","UNLF, PLA","314, 315","",1,"Manipur",2000,60,60,64,3,"India","750","","","","750","750","3","23,1",347,2000
347,"769","India","Government of India","141","","UNLF","315","",1,"Manipur",2003,27,27,27,3,"India","750","","","","750","750","3","23,1",347,2003
347,"769, 768","India","Government of India","141","","UNLF, PLA","314, 315","",1,"Manipur",2004,60,60,60,3,"India","750","","","","750","750","3","23,1",347,2004
347,"769","India","Government of India","141","","UNLF","315","",1,"Manipur",2005,47,47,53,3,"India","750","","","","750","750","3","23,1",347,2005
347,"769, 768","India","Government of India","141","","UNLF, PLA","314, 315","",1,"Manipur",2006,73,69,75,3,"India","750","","","","750","750","3","23,1",347,2006
347,"769","India","Government of India","141","","UNLF","315","",1,"Manipur",2007,45,45,73,3,"India","750","","","","750","750","3","23,1",347,2007
347,"770, 771","India","Government of India","141","","PREPAK, KCP","317, 318","",1,"Manipur",2008,99,99,100,3,"India","750","","","","750","750","3","23,1",347,2008
347,"770, 769, 771","India","Government of India","141","","UNLF, PREPAK, KCP","315, 317, 318","",1,"Manipur",2009,96,59,114,3,"India","750","","","","750","750","3","23,1",347,2009
351,"775","India","Government of India","141","","Sikh insurgents","319","",1,"Punjab/Khalistan",1989,905,905,928,3,"India","750","","","","750","750","3","23,1",351,1989
351,"775","India","Government of India","141","","Sikh insurgents","319","",1,"Punjab/Khalistan",1990,1839,1839,1882,3,"India","750","","","","750","750","3","23,1",351,1990
351,"775","India","Government of India","141","","Sikh insurgents","319","",1,"Punjab/Khalistan",1991,2673,2673,2739,3,"India","750","","","","750","750","3","23,1",351,1991
351,"775","India","Government of India","141","","Sikh insurgents","319","",1,"Punjab/Khalistan",1992,2390,2390,2444,3,"India","750","","","","750","750","3","23,1",351,1992
351,"775","India","Government of India","141","","Sikh insurgents","319","",1,"Punjab/Khalistan",1993,358,358,360,3,"India","750","","","","750","750","3","23,1",351,1993
352,"778, 776","Sri Lanka","Government of Sri Lanka","145","","LTTE, EPRLF","322, 320","",1,"Eelam",1989,145,145,145,3,"Sri Lanka","780","","","","780","780","3","23,1",352,1989
352,"776","Sri Lanka","Government of Sri Lanka","145","","LTTE","320","",1,"Eelam",1990,3561,3561,4600,3,"Sri Lanka","780","","","","780","780","3","23,1",352,1990
352,"776","Sri Lanka","Government of Sri Lanka","145","","LTTE","320","",1,"Eelam",1991,6432,6432,6787,3,"Sri Lanka","780","","","","780","780","3","23,1",352,1991
352,"776","Sri Lanka","Government of Sri Lanka","145","","LTTE","320","",1,"Eelam",1992,4091,4091,4247,3,"Sri Lanka","780","","","","780","780","3","23,1",352,1992
352,"776","Sri Lanka","Government of Sri Lanka","145","","LTTE","320","",1,"Eelam",1993,2075,2075,2347,3,"Sri Lanka","780","","","","780","780","3","23,1",352,1993
352,"776","Sri Lanka","Government of Sri Lanka","145","","LTTE","320","",1,"Eelam",1994,657,657,746,3,"Sri Lanka","780","","","","780","780","3","23,1",352,1994
352,"776","Sri Lanka","Government of Sri Lanka","145","","LTTE","320","",1,"Eelam",1995,4755,4748,5062,3,"Sri Lanka","780","","","","780","780","3","23,1",352,1995
352,"776","Sri Lanka","Government of Sri Lanka","145","","LTTE","320","",1,"Eelam",1996,3868,3868,4254,3,"France, Sri Lanka","780","","","","780","780, 220","3","23,1",352,1996
352,"776","Sri Lanka","Government of Sri Lanka","145","","LTTE","320","",1,"Eelam",1997,2880,2880,3959,3,"Sri Lanka","780","","","","780","780","3","23,1",352,1997
352,"776","Sri Lanka","Government of Sri Lanka","145","","LTTE","320","",1,"Eelam",1998,3762,3763,4420,3,"Sri Lanka","780","","","","780","780","3","23,1",352,1998
352,"776","Sri Lanka","Government of Sri Lanka","145","","LTTE","320","",1,"Eelam",1999,1882,1882,2616,3,"Sri Lanka","780","","","","780","780","3","23,1",352,1999
352,"776","Sri Lanka","Government of Sri Lanka","145","","LTTE","320","",1,"Eelam",2000,2525,2525,4155,3,"Sri Lanka","780","","","","780","780","3","23,1",352,2000
352,"776","Sri Lanka","Government of Sri Lanka","145","","LTTE","320","",1,"Eelam",2001,1144,1144,1145,3,"Sri Lanka","780","","","","780","780","3","23,1",352,2001
352,"776","Sri Lanka","Government of Sri Lanka","145","","LTTE","320","",1,"Eelam",2003,29,17,46,3,"Sri Lanka","780","","","","780","780","3","23,1",352,2003
352,"776","Sri Lanka","Government of Sri Lanka","145","","LTTE","320","",1,"Eelam",2005,88,88,90,3,"Sri Lanka","780","","","","780","780","3","23,1",352,2005
352,"776","Sri Lanka","Government of Sri Lanka","145","","LTTE","320","",1,"Eelam",2006,1970,1970,2845,3,"Sri Lanka","780","","","","780","780","3","23,1",352,2006
352,"776","Sri Lanka","Government of Sri Lanka","145","","LTTE","320","",1,"Eelam",2007,2494,2391,3070,3,"Sri Lanka","780","","","","780","780","3","23,1",352,2007
352,"776","Sri Lanka","Government of Sri Lanka","145","","LTTE","320","",1,"Eelam",2008,8262,8262,9917,3,"Sri Lanka","780","","","","780","780","3","23,1",352,2008
352,"776","Sri Lanka","Government of Sri Lanka","145","","LTTE","320","",1,"Eelam",2009,10165,10136,13702,3,"Sri Lanka","780","","","","780","780","3","23,1",352,2009
353,"12422","Cameroon","Government of Cameroon","83","","Jama'atu Ahlis Sunna Lidda'awati wal-Jihad","1051","",2,"",2016,32,32,32,3,"Cameroon","471","","","","471","471","4","23,1",353,2016
353,"12422","Cameroon","Government of Cameroon","83","","Jama'atu Ahlis Sunna Lidda'awati wal-Jihad","1051","",2,"",2017,63,63,63,3,"Cameroon","471","","","","471","471","4","23,1",353,2017
353,"12422","Cameroon","Government of Cameroon","83","","Jama'atu Ahlis Sunna Lidda'awati wal-Jihad","1051","",2,"",2020,28,28,34,3,"Cameroon","471","","","","471","471","4","23,1",353,2020
353,"12422","Cameroon","Government of Cameroon","83","","Jama'atu Ahlis Sunna Lidda'awati wal-Jihad","1051","",2,"",2022,31,26,43,3,"Cameroon","471","","","","471","471","4","23,1",353,2022
353,"12422","Cameroon","Government of Cameroon","83","Government of Chad","Jama'atu Ahlis Sunna Lidda'awati wal-Jihad","1051","",2,"",2015,712,712,712,4,"Cameroon","471","483","","","471","471","4","23,1",353,2015
354,"781","Turkey","Government of Turkey","115","","PKK","323","",1,"Kurdistan",1989,442,442,442,3,"Turkey","640","","","","640","640","2","23,1",354,1989
354,"781","Turkey","Government of Turkey","115","","PKK","323","",1,"Kurdistan",1990,526,514,525,3,"Turkey","640","","","","640","640","2","23,1",354,1990
354,"781","Turkey","Government of Turkey","115","","PKK","323","",1,"Kurdistan",1991,353,353,358,3,"Iraq, Turkey","640","","","","640","640, 645","2","23,1",354,1991
354,"781","Turkey","Government of Turkey","115","","PKK","323","",1,"Kurdistan",1992,1637,1637,1717,3,"Iraq, Turkey","640","","","","640","640, 645","2","23,1",354,1992
354,"781","Turkey","Government of Turkey","115","","PKK","323","",1,"Kurdistan",1993,2301,2301,2589,3,"Turkey","640","","","","640","640","2","23,1",354,1993
354,"781","Turkey","Government of Turkey","115","","PKK","323","",1,"Kurdistan",1994,4105,4104,4207,3,"Iraq, Turkey","640","","","","640","640, 645","2","23,1",354,1994
354,"781","Turkey","Government of Turkey","115","","PKK","323","",1,"Kurdistan",1995,3216,3216,3311,3,"Iraq, Turkey","640","","","","640","640, 645","2","23,1",354,1995
354,"781","Turkey","Government of Turkey","115","","PKK","323","",1,"Kurdistan",1996,3942,3945,4035,3,"Iraq, Turkey","640","","","","640","640, 645","2","23,1",354,1996
354,"781","Turkey","Government of Turkey","115","","PKK","323","",1,"Kurdistan",1997,4653,4652,5874,3,"Iraq, Turkey","640","","","","640","640, 645","2","23,1",354,1997
354,"781","Turkey","Government of Turkey","115","","PKK","323","",1,"Kurdistan",1998,2068,2072,2157,3,"Iraq, Turkey","640","","","","640","640, 645","2","23,1",354,1998
354,"781","Turkey","Government of Turkey","115","","PKK","323","",1,"Kurdistan",1999,1400,1400,1477,3,"Iraq, Turkey","640","","","","640","640, 645","2","23,1",354,1999
354,"781","Turkey","Government of Turkey","115","","PKK","323","",1,"Kurdistan",2000,176,176,180,3,"Iraq, Turkey","640","","","","640","640, 645","2","23,1",354,2000
354,"781","Turkey","Government of Turkey","115","","PKK","323","",1,"Kurdistan",2001,132,132,147,3,"Iraq, Turkey","640","","","","640","640, 645","2","23,1",354,2001
354,"781","Turkey","Government of Turkey","115","","PKK","323","",1,"Kurdistan",2002,54,54,73,3,"Iraq, Turkey","640","","","","640","640, 645","2","23,1",354,2002
354,"781","Turkey","Government of Turkey","115","","PKK","323","",1,"Kurdistan",2003,82,82,85,3,"Iraq, Turkey","640","","","","640","640, 645","2","23,1",354,2003
354,"781","Turkey","Government of Turkey","115","","PKK","323","",1,"Kurdistan",2004,195,195,333,3,"Iraq, Turkey","640","","","","640","640, 645","2","23,1",354,2004
354,"781","Turkey","Government of Turkey","115","","PKK","323","",1,"Kurdistan",2005,263,258,294,3,"Turkey","640","","","","640","640","2","23,1",354,2005
354,"781","Turkey","Government of Turkey","115","","PKK","323","",1,"Kurdistan",2006,225,225,276,3,"Turkey","640","","","","640","640","2","23,1",354,2006
354,"781","Turkey","Government of Turkey","115","","PKK","323","",1,"Kurdistan",2007,499,499,521,3,"Iraq, Turkey","640","","","","640","640, 645","2","23,1",354,2007
354,"781","Turkey","Government of Turkey","115","","PKK","323","",1,"Kurdistan",2008,588,550,974,3,"Iraq, Turkey","640","","","","640","640, 645","2","23,1",354,2008
354,"781","Turkey","Government of Turkey","115","","PKK","323","",1,"Kurdistan",2009,147,142,162,3,"Iraq, Turkey","640","","","","640","640, 645","2","23,1",354,2009
354,"781","Turkey","Government of Turkey","115","","PKK","323","",1,"Kurdistan",2010,355,346,413,3,"Iraq, Turkey","640","","","","640","640, 645","2","23,1",354,2010
354,"781","Turkey","Government of Turkey","115","","PKK","323","",1,"Kurdistan",2011,592,591,759,3,"Iraq, Turkey","640","","","","640","640, 645","2","23,1",354,2011
354,"781","Turkey","Government of Turkey","115","","PKK","323","",1,"Kurdistan",2012,853,853,866,3,"Iraq, Turkey","640","","","","640","640, 645","2","23,1",354,2012
354,"781","Turkey","Government of Turkey","115","","PKK","323","",1,"Kurdistan",2013,31,31,35,3,"Iraq, Turkey","640","","","","640","640, 645","2","23,1",354,2013
354,"781","Turkey","Government of Turkey","115","","PKK","323","",1,"Kurdistan",2015,907,902,1402,3,"Iraq, Turkey","640","","","","640","640, 645","2","23,1",354,2015
354,"781","Turkey","Government of Turkey","115","","PKK","323","",1,"Kurdistan",2016,1061,1061,1071,3,"Iraq, Turkey","640","","","","640","640, 645","2","23,1",354,2016
354,"781","Turkey","Government of Turkey","115","","PKK","323","",1,"Kurdistan",2017,707,707,722,3,"Syria, Iraq, Turkey","640","","","","640","652, 640, 645","2","23,1",354,2017
354,"781","Turkey","Government of Turkey","115","","PKK","323","",1,"Kurdistan",2018,894,886,902,3,"Iraq, Iran, Turkey","640","","","","640","630, 640, 645","2","23,1",354,2018
354,"781","Turkey","Government of Turkey","115","","PKK","323","",1,"Kurdistan",2019,540,540,621,3,"Iraq, Turkey","640","","","","640","640, 645","2","23,1",354,2019
354,"781","Turkey","Government of Turkey","115","","PKK","323","",1,"Kurdistan",2020,367,364,383,3,"Iraq, Turkey","640","","","","640","640, 645","2","23,1",354,2020
354,"781","Turkey","Government of Turkey","115","","PKK","323","",1,"Kurdistan",2021,426,416,525,3,"Syria, Iraq, Turkey","640","","","","640","652, 640, 645","2","23,1",354,2021
354,"781","Turkey","Government of Turkey","115","","PKK","323","",1,"Kurdistan",2022,575,569,591,3,"Iraq, Turkey","640","","","","640","640, 645","2","23,1",354,2022
14692,"15998","DR Congo (Zaire)","Government of DR Congo (Zaire)","89","Government of Tanzania, Government of South Africa, Government of Malawi","IS","234","",1,"Islamic State",2019,170,162,175,4,"DR Congo (Zaire)","490","553, 560, 510","","","490","490","4","23,1",14692,2019
14692,"15998","DR Congo (Zaire)","Government of DR Congo (Zaire)","89","Government of Tanzania, Government of South Africa, Government of Malawi","IS","234","",1,"Islamic State",2020,644,641,702,4,"DR Congo (Zaire)","490","553, 560, 510","","","490","490","4","23,1",14692,2020
14692,"15998","DR Congo (Zaire)","Government of DR Congo (Zaire)","89","Government of Tanzania, Government of Nepal, Government of South Africa, Government of Uganda, Government of Kenya","IS","234","",1,"Islamic State",2021,622,594,646,4,"DR Congo (Zaire)","490","500, 501, 560, 510, 790","","","490","490","4","23,1",14692,2021
14692,"15998","DR Congo (Zaire)","Government of DR Congo (Zaire)","89","Government of Tanzania, Government of Ukraine, Government of Nepal, Government of South Africa, Government of Burundi, Government of Uganda, Government of Kenya, Government of Indonesia, Government of South Sudan, Government of Malawi","IS","234","",1,"Islamic State",2022,577,569,660,4,"DR Congo (Zaire)","490","369, 500, 501, 516, 560, 626, 850, 510, 553, 790","","","490","490","4","23,1",14692,2022
358,"16955","Togo","Government of Togo","82","","JNIM","6716","",2,"",2022,34,19,59,3,"Togo","461","","","","461","461","4","23,1",358,2022
360,"15175","Burkina Faso","Government of Burkina Faso","78","Government of Mali","JNIM","6716","",2,"",2018,79,70,103,4,"Burkina Faso","439","432","","","439","439","4","23,1",360,2018
360,"15175","Burkina Faso","Government of Burkina Faso","78","Government of France","JNIM","6716","",2,"",2019,271,185,404,4,"Burkina Faso","439","220","","","439","439","4","23,1",360,2019
360,"15175","Burkina Faso","Government of Burkina Faso","78","Government of France","JNIM","6716","",2,"",2020,352,183,359,4,"Burkina Faso","439","220","","","439","439","4","23,1",360,2020
360,"15175","Burkina Faso","Government of Burkina Faso","78","Government of Ivory Coast, Government of France, Government of Ghana, Government of Togo, Government of Chad, Government of Niger","JNIM","6716","",2,"",2021,821,706,924,4,"Burkina Faso","439","452, 437, 483, 220, 461, 436","","","439","439","4","23,1",360,2021
360,"15175","Burkina Faso","Government of Burkina Faso","78","Government of Togo, Government of Niger, Government of France","JNIM","6716","",2,"",2022,1643,1550,1870,4,"Burkina Faso","439","461, 436, 220","","","439","439","4","23,1",360,2022
15438,"16938","Uganda","Government of Uganda","90","","IS","234","",1,"Islamic State",2022,25,25,28,3,"Uganda","500","","","","500","500","4","23,1",15438,2022
13674,"14718","Bangladesh","Government of Bangladesh","143","","IS","234","",1,"Islamic State",2016,41,41,41,3,"Bangladesh","771","","","","771","771","3","23,1",13674,2016
13674,"14718","Bangladesh","Government of Bangladesh","143","","IS","234","",1,"Islamic State",2017,47,47,48,3,"Bangladesh","771","","","","771","771","3","23,1",13674,2017
13675,"14244","Lebanon","Government of Lebanon","119","","IS","234","",1,"Islamic State",2017,70,69,96,3,"Lebanon","660","","","","660","660","2","23,1",13675,2017
13675,"14244","Lebanon","Government of Lebanon","119","","IS","234","",1,"Islamic State",2014,126,126,126,3,"Lebanon","660","","","","660","660","2","23,1",13675,2014
13675,"14244","Lebanon","Government of Lebanon","119","","IS","234","",1,"Islamic State",2015,76,42,135,3,"Lebanon","660","","","","660","660","2","23,1",13675,2015
362,"789","Comoros","Government of Comoros","107","","Presidential guard","518","",2,"",1989,29,29,30,3,"Comoros","581","","","","581","581","4","23,1",362,1989
363,"791","Ethiopia","Government of Ethiopia","97","","ARDUF","520","",1,"Afar",1996,25,25,25,3,"Ethiopia","530","","","","530","530","4","23,1",363,1996
364,"792","India","Government of India","141","","Kashmir insurgents","325","",1,"Kashmir",1990,407,402,586,3,"India","750","","","","750","750","3","23,1",364,1990
364,"792","India","Government of India","141","","Kashmir insurgents","325","",1,"Kashmir",1991,330,330,551,3,"India","750","","","","750","750","3","23,1",364,1991
364,"792","India","Government of India","141","","Kashmir insurgents","325","",1,"Kashmir",1992,265,265,337,3,"India","750","","","","750","750","3","23,1",364,1992
364,"792","India","Government of India","141","","Kashmir insurgents","325","",1,"Kashmir",1993,846,845,1159,3,"India","750","","","","750","750","3","23,1",364,1993
364,"792","India","Government of India","141","","Kashmir insurgents","325","",1,"Kashmir",1994,958,955,1148,3,"India","750","","","","750","750","3","23,1",364,1994
364,"792","India","Government of India","141","","Kashmir insurgents","325","",1,"Kashmir",1995,687,687,894,3,"India","750","","","","750","750","3","23,1",364,1995
364,"792","India","Government of India","141","","Kashmir insurgents","325","",1,"Kashmir",1996,489,489,1232,3,"India","750","","","","750","750","3","23,1",364,1996
364,"792","India","Government of India","141","","Kashmir insurgents","325","",1,"Kashmir",1997,533,533,555,3,"India","750","","","","750","750","3","23,1",364,1997
364,"792","India","Government of India","141","","Kashmir insurgents","325","",1,"Kashmir",1998,576,576,701,3,"India","750","","","","750","750","3","23,1",364,1998
364,"792","India","Government of India","141","","Kashmir insurgents","325","",1,"Kashmir",1999,864,844,883,3,"India","750","","","","750","750","3","23,1",364,1999
364,"792","India","Government of India","141","","Kashmir insurgents","325","",1,"Kashmir",2000,2291,2278,2352,3,"Pakistan, India","750","","","","750","770, 750","3","23,1",364,2000
364,"792","India","Government of India","141","","Kashmir insurgents","325","",1,"Kashmir",2001,804,733,3555,3,"India","750","","","","750","750","3","23,1",364,2001
364,"792","India","Government of India","141","","Kashmir insurgents","325","",1,"Kashmir",2002,1498,1498,1498,3,"India","750","","","","750","750","3","23,1",364,2002
364,"792","India","Government of India","141","","Kashmir insurgents","325","",1,"Kashmir",2003,1328,1308,1464,3,"India","750","","","","750","750","3","23,1",364,2003
364,"792","India","Government of India","141","","Kashmir insurgents","325","",1,"Kashmir",2004,1359,1174,1391,3,"India","750","","","","750","750","3","23,1",364,2004
364,"792","India","Government of India","141","","Kashmir insurgents","325","",1,"Kashmir",2005,1058,1055,1139,3,"India","750","","","","750","750","3","23,1",364,2005
364,"792","India","Government of India","141","","Kashmir insurgents","325","",1,"Kashmir",2006,705,698,728,3,"India","750","","","","750","750","3","23,1",364,2006
364,"792","India","Government of India","141","","Kashmir insurgents","325","",1,"Kashmir",2007,550,540,562,3,"India","750","","","","750","750","3","23,1",364,2007
364,"792","India","Government of India","141","","Kashmir insurgents","325","",1,"Kashmir",2008,500,482,525,3,"India","750","","","","750","750","3","23,1",364,2008
364,"792","India","Government of India","141","","Kashmir insurgents","325","",1,"Kashmir",2009,361,358,393,3,"India","750","","","","750","750","3","23,1",364,2009
364,"792","India","Government of India","141","","Kashmir insurgents","325","",1,"Kashmir",2010,370,365,437,3,"India","750","","","","750","750","3","23,1",364,2010
364,"792","India","Government of India","141","","Kashmir insurgents","325","",1,"Kashmir",2011,140,140,147,3,"India","750","","","","750","750","3","23,1",364,2011
364,"792","India","Government of India","141","","Kashmir insurgents","325","",1,"Kashmir",2012,144,143,147,3,"India","750","","","","750","750","3","23,1",364,2012
364,"792","India","Government of India","141","","Kashmir insurgents","325","",1,"Kashmir",2013,146,140,147,3,"India","750","","","","750","750","3","23,1",364,2013
364,"792","India","Government of India","141","","Kashmir insurgents","325","",1,"Kashmir",2014,179,178,228,3,"India","750","","","","750","750","3","23,1",364,2014
364,"792","India","Government of India","141","","Kashmir insurgents","325","",1,"Kashmir",2015,165,164,170,3,"India","750","","","","750","750","3","23,1",364,2015
364,"792","India","Government of India","141","","Kashmir insurgents","325","",1,"Kashmir",2016,282,282,297,3,"Afghanistan, India","750","","","","750","750, 700","3","23,1",364,2016
364,"792","India","Government of India","141","","Kashmir insurgents","325","",1,"Kashmir",2017,322,322,322,3,"India","750","","","","750","750","3","23,1",364,2017
364,"792","India","Government of India","141","","Kashmir insurgents","325","",1,"Kashmir",2018,386,387,391,3,"India","750","","","","750","750","3","23,1",364,2018
364,"792","India","Government of India","141","","Kashmir insurgents","325","",1,"Kashmir",2019,267,266,276,3,"India","750","","","","750","750","3","23,1",364,2019
364,"792","India","Government of India","141","","Kashmir insurgents","325","",1,"Kashmir",2020,311,311,312,3,"Pakistan, India","750","","","","750","770, 750","3","23,1",364,2020
364,"792","India","Government of India","141","","Kashmir insurgents","325","",1,"Kashmir",2021,250,247,254,3,"Pakistan, India","750","","","","750","770, 750","3","23,1",364,2021
364,"792","India","Government of India","141","","Kashmir insurgents","325","",1,"Kashmir",2022,235,235,237,3,"India","750","","","","750","750","3","23,1",364,2022
365,"793","India","Government of India","141","","ULFA","326","",1,"Assam",1990,30,6,30,3,"India","750","","","","750","750","3","23,1",365,1990
365,"793","India","Government of India","141","","ULFA","326","",1,"Assam",1994,25,25,126,3,"India","750","","","","750","750","3","23,1",365,1994
365,"793","India","Government of India","141","","ULFA","326","",1,"Assam",1995,29,17,78,3,"India","750","","","","750","750","3","23,1",365,1995
365,"793","India","Government of India","141","","ULFA","326","",1,"Assam",1996,48,48,53,3,"India","750","","","","750","750","3","23,1",365,1996
365,"793","India","Government of India","141","","ULFA","326","",1,"Assam",1997,112,112,119,3,"India","750","","","","750","750","3","23,1",365,1997
365,"793","India","Government of India","141","","ULFA","326","",1,"Assam",1998,55,55,57,3,"India","750","","","","750","750","3","23,1",365,1998
365,"793","India","Government of India","141","","ULFA","326","",1,"Assam",1999,53,53,58,3,"India","750","","","","750","750","3","23,1",365,1999
365,"793","India","Government of India","141","","ULFA","326","",1,"Assam",2000,87,76,87,3,"India","750","","","","750","750","3","23,1",365,2000
365,"793","India","Government of India","141","","ULFA","326","",1,"Assam",2001,113,113,124,3,"India","750","","","","750","750","3","23,1",365,2001
365,"793","India","Government of India","141","","ULFA","326","",1,"Assam",2002,59,59,59,3,"India","750","","","","750","750","3","23,1",365,2002
365,"793","India","Government of India","141","","ULFA","326","",1,"Assam",2003,43,43,58,3,"India","750","","","","750","750","3","23,1",365,2003
365,"793","India","Government of India","141","","ULFA","326","",1,"Assam",2004,70,69,74,3,"India","750","","","","750","750","3","23,1",365,2004
365,"793","India","Government of India","141","","ULFA","326","",1,"Assam",2005,78,77,78,3,"India","750","","","","750","750","3","23,1",365,2005
365,"793","India","Government of India","141","","ULFA","326","",1,"Assam",2006,49,49,50,3,"India","750","","","","750","750","3","23,1",365,2006
365,"793","India","Government of India","141","","ULFA","326","",1,"Assam",2007,114,114,120,3,"India","750","","","","750","750","3","23,1",365,2007
365,"793","India","Government of India","141","","ULFA","326","",1,"Assam",2008,75,75,78,3,"India","750","","","","750","750","3","23,1",365,2008
365,"793","India","Government of India","141","","ULFA","326","",1,"Assam",2009,63,61,65,3,"India","750","","","","750","750","3","23,1",365,2009
365,"793","India","Government of India","141","","ULFA","326","",1,"Assam",2010,32,32,33,3,"India","750","","","","750","750","3","23,1",365,2010
366,"794","Indonesia","Government of Indonesia","155","","GAM","327","",1,"Aceh",1990,72,61,127,3,"Indonesia","850","","","","850","850","3","23,1",366,1990
366,"794","Indonesia","Government of Indonesia","155","","GAM","327","",1,"Aceh",1991,58,57,133,3,"Indonesia","850","","","","850","850","3","23,1",366,1991
366,"794","Indonesia","Government of Indonesia","155","","GAM","327","",1,"Aceh",1999,187,179,258,3,"Indonesia","850","","","","850","850","3","23,1",366,1999
366,"794","Indonesia","Government of Indonesia","155","","GAM","327","",1,"Aceh",2000,286,242,332,3,"Indonesia","850","","","","850","850","3","23,1",366,2000
366,"794","Indonesia","Government of Indonesia","155","","GAM","327","",1,"Aceh",2001,278,254,306,3,"Indonesia","850","","","","850","850","3","23,1",366,2001
366,"794","Indonesia","Government of Indonesia","155","","GAM","327","",1,"Aceh",2002,466,429,571,3,"Indonesia","850","","","","850","850","3","23,1",366,2002
366,"794","Indonesia","Government of Indonesia","155","","GAM","327","",1,"Aceh",2003,868,839,1365,3,"Indonesia","850","","","","850","850","3","23,1",366,2003
366,"794","Indonesia","Government of Indonesia","155","","GAM","327","",1,"Aceh",2004,935,932,1075,3,"Indonesia","850","","","","850","850","3","23,1",366,2004
366,"794","Indonesia","Government of Indonesia","155","","GAM","327","",1,"Aceh",2005,213,213,215,3,"Indonesia","850","","","","850","850","3","23,1",366,2005
367,"795","Panama","Government of Panama","16","","Military faction (forces of Moisés Giroldi)","761","",2,"",1989,77,24,233,3,"Panama","95","","","","95","95","5","23,1",367,1989
368,"796","United States of America, Panama","Government of Panama","16","","Government of United States of America","3","",2,"",1989,843,745,2001,2,"Panama","95","","2","","95, 2","95","5","23,1",368,1989
369,"797","Papua New Guinea","Government of Papua New Guinea","157","","BRA","328","",1,"Bougainville",1990,55,55,65,3,"Papua New Guinea","910","","","","910","910","3","23,1",369,1990
369,"797","Papua New Guinea","Government of Papua New Guinea","157","","BRA","328","",1,"Bougainville",1992,35,35,55,3,"Solomon Islands, Papua New Guinea","910","","","","910","910, 940","3","23,1",369,1992
369,"797","Papua New Guinea","Government of Papua New Guinea","157","","BRA","328","",1,"Bougainville",1993,34,34,62,3,"Papua New Guinea","910","","","","910","910","3","23,1",369,1993
369,"797","Papua New Guinea","Government of Papua New Guinea","157","","BRA","328","",1,"Bougainville",1994,26,26,26,3,"Papua New Guinea","910","","","","910","910","3","23,1",369,1994
369,"797","Papua New Guinea","Government of Papua New Guinea","157","","BRA","328","",1,"Bougainville",1995,29,29,31,3,"Papua New Guinea","910","","","","910","910","3","23,1",369,1995
369,"797","Papua New Guinea","Government of Papua New Guinea","157","","BRA","328","",1,"Bougainville",1996,78,78,80,3,"Papua New Guinea","910","","","","910","910","3","23,1",369,1996
370,"798, 14471","Romania","Government of Romania","56","","NSF, Military faction (forces of Nicolae Ceausescu)","329, 6137","",2,"",1989,249,249,499,3,"Romania","360","","","","360","360","1","23,1",370,1989
14197,"15077","Somalia","Government of Somalia","95","Government of United States of America","IS","234","",1,"Islamic State",2019,33,33,36,4,"Somalia","520","2","","","520","520","4","23,1",14197,2019
14197,"15077","Somalia","Government of Somalia","95","Government of United States of America","IS","234","",1,"Islamic State",2020,41,34,46,4,"Somalia","520","2","","","520","520","4","23,1",14197,2020
14197,"15077","Somalia","Government of Somalia","95","","IS","234","",1,"Islamic State",2021,53,53,104,3,"Somalia","520","","","","520","520","4","23,1",14197,2021
371,"799","Kuwait, Iraq","Government of Iraq","116","","Government of Kuwait","125","",1,"Kuwait",1990,1058,1058,1058,2,"Kuwait","645","","690","","690, 645","690","2","23,1",371,1990
371,"799","Kuwait, Iraq","Government of Iraq","116","","Government of Kuwait","125","Government of Syria, Government of Oman, Government of Senegal, Government of Portugal, Government of Italy, Government of Netherlands, Government of Egypt, Government of Bahrain, Government of Australia, Government of France, Government of Belgium, Government of United Arab Emirates, Government of Niger, Government of Czechoslovakia, Government of Denmark, Government of Bangladesh, Government of Greece, Government of Qatar, Government of Honduras, Government of United States of America, Government of Canada, Government of Spain, Government of Argentina, Government of Saudi Arabia, Government of Norway, Government of Pakistan, Government of Turkey, Government of Morocco, Government of Sierra Leone, Government of United Kingdom",1,"Kuwait",1991,21790,21747,26203,2,"Kuwait, Saudi Arabia, Iraq, Philippines","645","","690","600, 451, 20, 652, 771, 390, 670, 325, 230, 433, 315, 160, 651, 692, 696, 698, 694, 385, 770, 436, 900, 211, 200, 350, 2, 235, 210, 220, 91, 640","690, 645","670, 690, 840, 645","2","23,1",371,1991
372,"800","Mali","Government of Mali","72","","MPA","521","",1,"Azawad",1990,457,457,467,3,"Mali","432","","","","432","432","4","23,1",372,1990
372,"10054","Mali","Government of Mali","72","","FPLA","934","",1,"Azawad",1991,59,3,138,3,"Mali","432","","","","432","432","4","23,1",372,1991
372,"801","Mali","Government of Mali","72","","FIAA","522","",1,"Azawad",1994,106,106,106,3,"Mali","432","","","","432","432","4","23,1",372,1994
372,"802","Mali","Government of Mali","72","","ATNMC","523","",1,"Azawad",2007,39,39,39,3,"Mali","432","","","","432","432","4","23,1",372,2007
372,"802","Mali","Government of Mali","72","","ATNMC","523","",1,"Azawad",2008,112,112,127,3,"Mali","432","","","","432","432","4","23,1",372,2008
372,"802","Mali","Government of Mali","72","","ATNMC","523","",1,"Azawad",2009,39,39,39,3,"Mali","432","","","","432","432","4","23,1",372,2009
372,"11985","Mali","Government of Mali","72","","CMA","1158","",1,"Azawad",2012,131,126,309,3,"Mali","432","","","","432","432","4","23,1",372,2012
372,"11985","Mali","Government of Mali","72","","CMA","1158","",1,"Azawad",2014,94,94,102,3,"Mali","432","","","","432","432","4","23,1",372,2014
372,"11985","Mali","Government of Mali","72","Government of Djibouti, Government of Germany, Government of Ghana, Government of Senegal, Government of Guinea-Bissau, Government of Jordan, Government of Indonesia, Government of Portugal, Government of El Salvador, Government of Italy, Government of Netherlands, Government of Egypt, Government of Benin, Government of Ivory Coast, Government of France, Government of Finland, Government of Belgium, Government of Tunisia, Government of Cambodia (Kampuchea), Government of Burundi, Government of Togo, Government of Romania, Government of Austria, Government of Madagascar, Government of DR Congo (Zaire), Government of Niger, Government of China, Government of Denmark, Government of Bangladesh, Government of Mauritania, Government of Nepal, Government of Armenia, Government of Nigeria, Government of Rwanda, Government of Cameroon, Government of Liberia, Government of Bosnia-Herzegovina, Government of Chad, Government of United States of America, Government of Guinea, Government of Bhutan, Government of Burkina Faso, Government of Sweden, Government of Estonia, Government of Switzerland, Government of Gambia, Government of Kenya, Government of Norway, Government of Czech Republic, Government of Yemen (North Yemen), Government of Turkey, Government of Sierra Leone, Government of Latvia, Government of United Kingdom","CMA","1158","",1,"Azawad",2015,54,53,72,4,"Mali","432","501, 92, 490, 439, 516, 367, 451, 316, 760, 375, 420, 461, 678, 475, 811, 771, 390, 225, 438, 640, 325, 471, 366, 580, 404, 433, 710, 663, 452, 437, 651, 435, 616, 522, 305, 371, 385, 434, 436, 517, 790, 211, 260, 483, 200, 380, 2, 235, 450, 360, 210, 220, 346, 850","","","432","432","4","23,1",372,2015
373,"803","Niger","Government of Niger","75","","CRA","525","",1,"Air and Azawad",1994,50,50,90,3,"Niger","436","","","","436","436","4","23,1",373,1994
374,"804","Rwanda","Government of Rwanda","94","Government of DR Congo (Zaire)","FPR","527","",2,"",1990,1126,1098,2338,4,"Rwanda","517","490","","","517","517","4","23,1",374,1990
374,"804","Rwanda","Government of Rwanda","94","","FPR","527","",2,"",1991,153,150,1977,3,"Rwanda","517","","","","517","517","4","23,1",374,1991
374,"804","Rwanda","Government of Rwanda","94","","FPR","527","",2,"",1992,87,87,1390,3,"Rwanda","517","","","","517","517","4","23,1",374,1992
374,"804","Rwanda","Government of Rwanda","94","","FPR","527","",2,"",1993,353,353,403,3,"Rwanda","517","","","","517","517","4","23,1",374,1993
374,"804","Rwanda","Government of Rwanda","94","","FPR","527","",2,"",1994,1882,1781,2026,3,"Rwanda","517","","","","517","517","4","23,1",374,1994
374,"805","Rwanda","Government of Rwanda","94","","ALiR","1128","",2,"",1996,90,90,390,3,"Rwanda","517","","","","517","517","4","23,1",374,1996
374,"805","Rwanda","Government of Rwanda","94","","ALiR","1128","",2,"",1997,1081,681,1461,3,"Rwanda, DR Congo (Zaire)","517","","","","517","517, 490","4","23,1",374,1997
374,"805","Rwanda","Government of Rwanda","94","","ALiR","1128","",2,"",1998,1096,1096,1901,3,"Rwanda, DR Congo (Zaire)","517","","","","517","517, 490","4","23,1",374,1998
374,"805","Rwanda","Government of Rwanda","94","","ALiR","1128","",2,"",1999,315,115,315,3,"DR Congo (Zaire)","517","","","","517","490","4","23,1",374,1999
374,"805","Rwanda","Government of Rwanda","94","","ALiR","1128","",2,"",2000,155,155,294,3,"DR Congo (Zaire)","517","","","","517","490","4","23,1",374,2000
374,"12102","Rwanda","Government of Rwanda","94","","FDLR-FOCA","528","",2,"",2001,2044,349,2074,3,"Rwanda","517","","","","517","517","4","23,1",374,2001
374,"12102","Rwanda","Government of Rwanda","94","","FDLR-FOCA","528","",2,"",2002,83,83,83,3,"Burundi, DR Congo (Zaire)","517","","","","517","516, 490","4","23,1",374,2002
374,"12102","Rwanda","Government of Rwanda","94","Government of DR Congo (Zaire)","FDLR-FOCA","528","",2,"",2009,1807,1703,2060,4,"DR Congo (Zaire)","517","490","","","517","490","4","23,1",374,2009
374,"12102","Rwanda","Government of Rwanda","94","Government of DR Congo (Zaire)","FDLR-FOCA","528","",2,"",2010,208,207,219,4,"DR Congo (Zaire)","517","490","","","517","490","4","23,1",374,2010
374,"12102","Rwanda","Government of Rwanda","94","Government of DR Congo (Zaire)","FDLR-FOCA","528","",2,"",2011,116,101,118,4,"DR Congo (Zaire)","517","490","","","517","490","4","23,1",374,2011
374,"12102","Rwanda","Government of Rwanda","94","Government of DR Congo (Zaire)","FDLR-FOCA","528","",2,"",2012,83,59,99,4,"Rwanda, DR Congo (Zaire)","517","490","","","517","517, 490","4","23,1",374,2012
374,"12102","Rwanda","Government of Rwanda","94","Government of DR Congo (Zaire)","FDLR-FOCA","528","",2,"",2016,136,136,136,4,"DR Congo (Zaire)","517","490","","","517","490","4","23,1",374,2016
374,"15547, 16081, 12102","Rwanda","Government of Rwanda","94","Government of DR Congo (Zaire)","FDLR-FOCA, FDLR-RUD, CNRD","5801, 6684, 528","",2,"",2019,226,226,305,4,"Rwanda, DR Congo (Zaire)","517","490","","","517","517, 490","4","23,1",374,2019
374,"15547, 16081, 12102","Rwanda","Government of Rwanda","94","Government of DR Congo (Zaire)","FDLR-FOCA, FDLR-RUD, CNRD","5801, 6684, 528","",2,"",2020,134,133,137,4,"DR Congo (Zaire)","517","490","","","517","490","4","23,1",374,2020
375,"806","Senegal","Government of Senegal","73","","MFDC","529","",1,"Casamance",1990,58,58,58,3,"Senegal","433","","","","433","433","4","23,1",375,1990
375,"806","Senegal","Government of Senegal","73","","MFDC","529","",1,"Casamance",1992,78,78,78,3,"Senegal, Guinea-Bissau","433","","","","433","433, 404","4","23,1",375,1992
375,"806","Senegal","Government of Senegal","73","","MFDC","529","",1,"Casamance",1993,233,233,243,3,"Senegal","433","","","","433","433","4","23,1",375,1993
375,"806","Senegal","Government of Senegal","73","","MFDC","529","",1,"Casamance",1995,299,299,303,3,"Senegal","433","","","","433","433","4","23,1",375,1995
375,"806","Senegal","Government of Senegal","73","","MFDC","529","",1,"Casamance",1997,319,319,319,3,"Senegal","433","","","","433","433","4","23,1",375,1997
375,"806","Senegal","Government of Senegal","73","","MFDC","529","",1,"Casamance",1998,242,242,252,3,"Senegal","433","","","","433","433","4","23,1",375,1998
375,"806","Senegal","Government of Senegal","73","","MFDC","529","",1,"Casamance",2000,47,47,52,3,"Senegal, Guinea-Bissau","433","","","","433","433, 404","4","23,1",375,2000
375,"806","Senegal","Government of Senegal","73","","MFDC","529","",1,"Casamance",2001,33,33,223,3,"Senegal","433","","","","433","433","4","23,1",375,2001
375,"806","Senegal","Government of Senegal","73","","MFDC","529","",1,"Casamance",2003,39,38,39,3,"Senegal","433","","","","433","433","4","23,1",375,2003
375,"806","Senegal","Government of Senegal","73","","MFDC","529","",1,"Casamance",2011,25,25,43,3,"Senegal","433","","","","433","433","4","23,1",375,2011
376,"807","Russia (Soviet Union)","Government of Russia (Soviet Union)","57","","Republic of Armenia","330","",1,"Nagorno-Karabakh",1990,49,49,64,3,"Russia (Soviet Union)","365","","","","365","365","1","23,1",376,1990
376,"807","Russia (Soviet Union)","Government of Russia (Soviet Union)","57","","Republic of Armenia","330","",1,"Nagorno-Karabakh",1991,220,220,501,3,"Russia (Soviet Union)","365","","","","365","365","1","23,1",376,1991
13692,"11199","United States of America, United Kingdom, Afghanistan","Government of Afghanistan","130","","Government of United States of America, Government of United Kingdom","3, 28","",2,"",2001,1397,1388,2075,2,"Afghanistan","700","","200, 2","","200, 2, 700","700","3, 1, 5","23,1",13692,2001
377,"808","Russia (Soviet Union)","Government of Russia (Soviet Union)","57","","APF","331","",1,"Azerbaijan",1990,143,29,338,3,"Russia (Soviet Union)","365","","","","365","365","1","23,1",377,1990
13694,"14745","Libya","Government of Libya","111","Government of United States of America","IS","234","",1,"Islamic State",2016,1678,1607,2720,4,"Libya","620","2","","","620","620","4","23,1",13694,2016
13694,"14745","Libya","Government of Libya","111","Government of United States of America","IS","234","",1,"Islamic State",2017,96,95,121,4,"Libya","620","2","","","620","620","4","23,1",13694,2017
13694,"14745","Libya","Government of Libya","111","Government of United States of America","IS","234","",1,"Islamic State",2018,44,44,45,4,"Libya","620","2","","","620","620","4","23,1",13694,2018
13694,"14745","Libya","Government of Libya","111","Government of United States of America","IS","234","",1,"Islamic State",2019,43,43,43,4,"Libya","620","2","","","620","620","4","23,1",13694,2019
13694,"14745","Libya","Government of Libya","111","","IS","234","",1,"Islamic State",2015,118,116,121,3,"Libya","620","","","","620","620","4","23,1",13694,2015
378,"809","Trinidad and Tobago","Government of Trinidad and Tobago","8","","Jamaat al-Muslimeen","762","",2,"",1990,39,32,55,3,"Trinidad and Tobago","52","","","","52","52","5","23,1",378,1990
379,"810","Djibouti","Government of Djibouti","96","","FRUD","530","",2,"",1991,60,60,240,3,"Djibouti","522","","","","522","522","4","23,1",379,1991
379,"810","Djibouti","Government of Djibouti","96","","FRUD","530","",2,"",1992,129,44,757,3,"Djibouti","522","","","","522","522","4","23,1",379,1992
379,"810","Djibouti","Government of Djibouti","96","","FRUD","530","",2,"",1993,33,33,107,3,"Djibouti","522","","","","522","522","4","23,1",379,1993
379,"810","Djibouti","Government of Djibouti","96","","FRUD","530","",2,"",1994,39,39,46,3,"Djibouti","522","","","","522","522","4","23,1",379,1994
379,"811","Djibouti","Government of Djibouti","96","","FRUD-C","531","",2,"",1999,25,25,57,3,"Djibouti","522","","","","522","522","4","23,1",379,1999
380,"813","Georgia","Government of Georgia","63","","Zviadists","333","",2,"",1992,71,71,76,3,"Georgia","372","","","","372","372","1","23,1",380,1992
380,"813","Georgia","Government of Georgia","63","","Zviadists","333","",2,"",1993,152,152,152,3,"Georgia","372","","","","372","372","1","23,1",380,1993
380,"812","Georgia","Government of Georgia","63","","National Guard and Mkhedrioni","332","",2,"",1991,52,52,170,3,"Georgia","372","","","","372","372","1","23,1",380,1991
381,"816, 817","Haiti","Government of Haiti","6","","OP Lavalas, FLRN","765, 766","",2,"",2004,207,130,516,3,"Haiti","41","","","","41","41","5","23,1",381,2004
381,"814","Haiti","Government of Haiti","6","","Military faction (forces of Himmler Rebu and Guy Francois)","763","",2,"",1989,48,21,57,3,"Haiti","41","","","","41","41","5","23,1",381,1989
381,"815","Haiti","Government of Haiti","6","","Military faction (forces of Raol Cédras)","764","",2,"",1991,160,55,359,3,"Haiti","41","","","","41","41","5","23,1",381,1991
382,"818","Sierra Leone","Government of Sierra Leone","80","Government of Nigeria, Government of Guinea","RUF","532","",2,"",1991,552,551,1263,4,"Sierra Leone","451","475, 438","","","451","451","4","23,1",382,1991
382,"818","Sierra Leone","Government of Sierra Leone","80","Government of Nigeria, Government of Guinea","RUF","532","",2,"",1992,218,218,342,4,"Sierra Leone","451","475, 438","","","451","451","4","23,1",382,1992
382,"818","Sierra Leone","Government of Sierra Leone","80","Government of Nigeria, Government of Guinea","RUF","532","",2,"",1993,415,415,1088,4,"Liberia, Sierra Leone","451","475, 438","","","451","450, 451","4","23,1",382,1993
382,"818","Sierra Leone","Government of Sierra Leone","80","Government of Nigeria, Government of Guinea","RUF","532","",2,"",1994,628,628,779,4,"Sierra Leone","451","475, 438","","","451","451","4","23,1",382,1994
382,"818","Sierra Leone","Government of Sierra Leone","80","Government of Nigeria, Government of Guinea","RUF","532","",2,"",1995,1472,1472,2052,4,"Sierra Leone","451","475, 438","","","451","451","4","23,1",382,1995
382,"818","Sierra Leone","Government of Sierra Leone","80","Government of Nigeria, Government of Guinea","RUF","532","",2,"",1996,570,570,735,4,"Sierra Leone","451","475, 438","","","451","451","4","23,1",382,1996
382,"818, 819, 820","Sierra Leone","Government of Sierra Leone","80","Government of Nigeria, Government of Guinea","Kamajors, RUF, AFRC","533, 532, 534","Government of Nigeria, Government of Guinea",2,"",1997,748,747,1552,4,"Sierra Leone","451","475, 438","","475, 438","451","451","4","23,1",382,1997
382,"818, 819, 820","Sierra Leone","Government of Sierra Leone","80","Government of Nigeria, Government of Guinea","Kamajors, RUF, AFRC","533, 532, 534","Government of Nigeria, Government of Guinea",2,"",1998,3287,3285,4197,4,"Sierra Leone","451","475, 438","","475, 438","451","451","4","23,1",382,1998
382,"818, 819","Sierra Leone","Government of Sierra Leone","80","Government of Mali, Government of Nigeria, Government of Guinea, Government of Ghana","RUF, AFRC","533, 532","",2,"",1999,3153,3153,5650,4,"Sierra Leone","451","432, 452, 475, 438","","","451","451","4","23,1",382,1999
382,"818, 821","Sierra Leone","Government of Sierra Leone","80","Government of United Kingdom","RUF, WSB","532, 535","",2,"",2000,382,382,642,4,"Sierra Leone","451","200","","","451","451","4","23,1",382,2000
382,"818","Sierra Leone","Government of Sierra Leone","80","","RUF","532","",2,"",2001,48,48,92,3,"Sierra Leone","451","","","","451","451","4","23,1",382,2001
383,"10516, 15065","Turkey","Government of Turkey","115","","Yurtta Sulh Konseyi, TAK","2034, 6689","",2,"",2016,434,434,514,3,"Turkey","640","","","","640","640","2","23,1",383,2016
383,"822","Turkey","Government of Turkey","115","","DHKP-C","334","",2,"",1991,39,39,39,3,"Turkey","640","","","","640","640","2","23,1",383,1991
383,"822","Turkey","Government of Turkey","115","","DHKP-C","334","",2,"",1992,71,71,71,3,"Turkey","640","","","","640","640","2","23,1",383,1992
383,"822","Turkey","Government of Turkey","115","","DHKP-C","334","",2,"",1993,32,32,32,3,"Turkey","640","","","","640","640","2","23,1",383,1993
383,"16900","Turkey","Government of Turkey","115","","TKP-ML","8179","",2,"",2000,30,30,30,3,"Turkey","640","","","","640","640","2","23,1",383,2000
383,"823","Turkey","Government of Turkey","115","","MKP","335","",2,"",2005,30,30,30,3,"Turkey","640","","","","640","640","2","23,1",383,2005
384,"824","Serbia (Yugoslavia)","Government of Serbia (Yugoslavia)","49","","Republic of Slovenia","336","",1,"Slovenia",1991,64,64,64,3,"Serbia (Yugoslavia)","345","","","","345","345","1","23,1",384,1991
385,"826","Serbia (Yugoslavia)","Government of Serbia (Yugoslavia)","49","","Republic of Croatia","337","",1,"Croatia",1992,153,153,163,3,"Serbia (Yugoslavia)","345","","","","345","345","1","23,1",385,1992
385,"825, 826","Serbia (Yugoslavia)","Government of Serbia (Yugoslavia)","49","","Croatian irregulars, Republic of Croatia","337, 370","",1,"Croatia",1991,2958,2885,4401,3,"Serbia (Yugoslavia)","345","","","","345","345","1","23,1",385,1991
386,"827","Algeria","Government of Algeria","109","","Takfir wa'l Hijra","536","",2,"",1991,34,34,34,3,"Algeria","615","","","","615","615","4","23,1",386,1991
386,"828","Algeria","Government of Algeria","109","","AIS","537","",2,"",1992,257,257,336,3,"Algeria","615","","","","615","615","4","23,1",386,1992
386,"829, 828","Algeria","Government of Algeria","109","","AIS, GIA","538, 537","",2,"",1993,800,800,860,3,"Algeria","615","","","","615","615","4","23,1",386,1993
386,"829, 828","Algeria","Government of Algeria","109","","AIS, GIA","538, 537","",2,"",1994,1916,1916,2079,3,"Algeria","615","","","","615","615","4","23,1",386,1994
386,"829, 828","Algeria","Government of Algeria","109","","AIS, GIA","538, 537","",2,"",1995,3008,2984,6091,3,"Algeria","615","","","","615","615","4","23,1",386,1995
386,"829, 828","Algeria","Government of Algeria","109","","AIS, GIA","538, 537","",2,"",1996,1084,1078,1507,3,"Algeria","615","","","","615","615","4","23,1",386,1996
386,"829, 828","Algeria","Government of Algeria","109","","AIS, GIA","538, 537","",2,"",1997,1403,1403,2061,3,"Algeria","615","","","","615","615","4","23,1",386,1997
386,"829","Algeria","Government of Algeria","109","","GIA","538","",2,"",1998,3029,3029,3665,3,"Algeria","615","","","","615","615","4","23,1",386,1998
386,"829, 830","Algeria","Government of Algeria","109","","AQIM, GIA","538, 539","",2,"",1999,1031,1031,1059,3,"Algeria","615","","","","615","615","4","23,1",386,1999
386,"829, 830","Algeria","Government of Algeria","109","","AQIM, GIA","538, 539","",2,"",2000,947,947,1026,3,"Algeria","615","","","","615","615","4","23,1",386,2000
386,"829, 830","Algeria","Government of Algeria","109","","AQIM, GIA","538, 539","",2,"",2001,642,642,866,3,"Algeria","615","","","","615","615","4","23,1",386,2001
386,"829, 830","Algeria","Government of Algeria","109","","AQIM, GIA","538, 539","",2,"",2002,539,539,540,3,"Algeria","615","","","","615","615","4","23,1",386,2002
386,"829, 830","Algeria","Government of Algeria","109","","AQIM, GIA","538, 539","",2,"",2003,670,670,686,3,"Algeria","615","","","","615","615","4","23,1",386,2003
386,"830","Algeria","Government of Algeria","109","Government of Mali, Government of Niger, Government of Chad","AQIM","539","",2,"",2004,451,451,467,4,"Niger, Algeria, Chad","615","432, 436, 483","","","615","436, 615, 483","4","23,1",386,2004
386,"830","Algeria","Government of Algeria","109","","AQIM","539","",2,"",2005,229,228,262,3,"Mali, Algeria","615","","","","615","432, 615","4","23,1",386,2005
386,"830","Algeria","Government of Algeria","109","","AQIM","539","",2,"",2006,255,255,286,3,"Algeria","615","","","","615","615","4","23,1",386,2006
386,"830","Algeria","Government of Algeria","109","","AQIM","539","",2,"",2007,472,471,518,3,"Algeria","615","","","","615","615","4","23,1",386,2007
386,"830","Algeria","Government of Algeria","109","","AQIM","539","",2,"",2008,339,339,410,3,"Algeria","615","","","","615","615","4","23,1",386,2008
386,"830","Algeria","Government of Algeria","109","","AQIM","539","",2,"",2009,505,493,674,3,"Algeria","615","","","","615","615","4","23,1",386,2009
386,"830","Algeria","Government of Algeria","109","","AQIM","539","",2,"",2010,236,236,276,3,"Algeria","615","","","","615","615","4","23,1",386,2010
386,"830","Algeria","Government of Algeria","109","","AQIM","539","",2,"",2011,267,259,273,3,"Algeria","615","","","","615","615","4","23,1",386,2011
386,"830, 11984","Algeria","Government of Algeria","109","","AQIM, MUJAO","1161, 539","",2,"",2012,256,250,310,3,"Algeria","615","","","","615","615","4","23,1",386,2012
386,"830","Algeria","Government of Algeria","109","","AQIM","539","",2,"",2013,147,147,165,3,"Algeria","615","","","","615","615","4","23,1",386,2013
386,"830","Algeria","Government of Algeria","109","","AQIM","539","",2,"",2014,107,83,147,3,"Algeria","615","","","","615","615","4","23,1",386,2014
386,"830","Algeria","Government of Algeria","109","","AQIM","539","",2,"",2015,84,81,91,3,"Algeria","615","","","","615","615","4","23,1",386,2015
386,"830","Algeria","Government of Algeria","109","","AQIM","539","",2,"",2016,86,82,91,3,"Algeria","615","","","","615","615","4","23,1",386,2016
386,"830","Algeria","Government of Algeria","109","","AQIM","539","",2,"",2017,60,60,73,3,"Algeria","615","","","","615","615","4","23,1",386,2017
386,"830","Algeria","Government of Algeria","109","","AQIM","539","",2,"",2018,33,33,37,3,"Algeria","615","","","","615","615","4","23,1",386,2018
386,"830","Algeria","Government of Algeria","109","","AQIM","539","",2,"",2020,26,26,26,3,"Algeria","615","","","","615","615","4","23,1",386,2020
387,"15993","Angola","Government of Angola","99","","FLEC-FAC-TN","7412","",1,"Cabinda",2016,25,9,185,3,"Angola","540","","","","540","540","4","23,1",387,2016
387,"15993","Angola","Government of Angola","99","","FLEC-FAC-TN","7412","",1,"Cabinda",2017,25,16,111,3,"Angola","540","","","","540","540","4","23,1",387,2017
387,"15993","Angola","Government of Angola","99","","FLEC-FAC-TN","7412","",1,"Cabinda",2019,25,10,50,3,"DR Congo (Zaire), Angola, Congo","540","","","","540","540, 490, 484","4","23,1",387,2019
387,"15993","Angola","Government of Angola","99","","FLEC-FAC-TN","7412","",1,"Cabinda",2020,25,11,136,3,"DR Congo (Zaire), Angola, Congo","540","","","","540","540, 490, 484","4","23,1",387,2020
387,"15993","Angola","Government of Angola","99","","FLEC-FAC-TN","7412","",1,"Cabinda",2022,25,6,149,3,"DR Congo (Zaire), Angola, Congo","540","","","","540","540, 490, 484","4","23,1",387,2022
387,"831","Angola","Government of Angola","99","","FLEC-R","540","",1,"Cabinda",1991,25,6,41,3,"Angola","540","","","","540","540","4","23,1",387,1991
387,"832","Angola","Government of Angola","99","","FLEC-FAC","541","",1,"Cabinda",1992,25,2,128,3,"Angola","540","","","","540","540","4","23,1",387,1992
387,"831, 832","Angola","Government of Angola","99","","FLEC-FAC, FLEC-R","540, 541","",1,"Cabinda",1994,50,4,154,3,"Angola","540","","","","540","540","4","23,1",387,1994
387,"832","Angola","Government of Angola","99","","FLEC-FAC","541","",1,"Cabinda",1995,25,3,87,3,"Angola","540","","","","540","540","4","23,1",387,1995
387,"832","Angola","Government of Angola","99","","FLEC-FAC","541","",1,"Cabinda",1996,29,6,256,3,"Angola","540","","","","540","540","4","23,1",387,1996
387,"831, 832","Angola","Government of Angola","99","","FLEC-FAC, FLEC-R","540, 541","",1,"Cabinda",1997,51,6,70,3,"Angola","540","","","","540","540","4","23,1",387,1997
387,"832","Angola","Government of Angola","99","","FLEC-FAC","541","",1,"Cabinda",1998,25,13,313,3,"Angola","540","","","","540","540","4","23,1",387,1998
387,"831, 832","Angola","Government of Angola","99","","FLEC-FAC, FLEC-R","540, 541","",1,"Cabinda",2002,56,32,435,3,"Angola","540","","","","540","540","4","23,1",387,2002
387,"832","Angola","Government of Angola","99","","FLEC-FAC","541","",1,"Cabinda",2003,25,22,146,3,"Angola","540","","","","540","540","4","23,1",387,2003
387,"832","Angola","Government of Angola","99","","FLEC-FAC","541","",1,"Cabinda",2004,25,8,54,3,"Angola","540","","","","540","540","4","23,1",387,2004
387,"832","Angola","Government of Angola","99","","FLEC-FAC","541","",1,"Cabinda",2007,25,0,110,3,"Angola","540","","","","540","540","4","23,1",387,2007
387,"832","Angola","Government of Angola","99","","FLEC-FAC","541","",1,"Cabinda",2009,25,1,66,3,"Angola","540","","","","540","540","4","23,1",387,2009
388,"833","Azerbaijan","Government of Azerbaijan","64","","Republic of Artsakh","338","Government of Armenia",1,"Artsakh (Nagorno-Karabakh)",2016,141,141,263,4,"Armenia, Azerbaijan","373","","","371","373","371, 373","1","23,1",388,2016
388,"833","Azerbaijan","Government of Azerbaijan","64","","Republic of Artsakh","338","Government of Armenia",1,"Artsakh (Nagorno-Karabakh)",2017,36,36,37,4,"Azerbaijan","373","","","371","373","373","1","23,1",388,2017
388,"833","Azerbaijan","Government of Azerbaijan","64","Government of Turkey","Republic of Artsakh","338","Government of Armenia",1,"Artsakh (Nagorno-Karabakh)",2020,7646,7548,9077,4,"Armenia, Azerbaijan","373","640","","371","373","371, 373","1","23,1",388,2020
388,"833","Azerbaijan","Government of Azerbaijan","64","","Republic of Artsakh","338","Government of Armenia",1,"Artsakh (Nagorno-Karabakh)",2021,40,40,43,4,"Armenia, Azerbaijan","373","","","371","373","371, 373","1","23,1",388,2021
388,"833","Azerbaijan","Government of Azerbaijan","64","","Republic of Artsakh","338","Government of Armenia",1,"Artsakh (Nagorno-Karabakh)",2022,308,308,310,4,"Armenia, Azerbaijan","373","","","371","373","371, 373","1","23,1",388,2022
388,"833","Azerbaijan","Government of Azerbaijan","64","","Republic of Artsakh","338","Government of Armenia",1,"Artsakh (Nagorno-Karabakh)",1991,35,35,35,4,"Azerbaijan","373","","","371","373","373","1","23,1",388,1991
388,"833","Azerbaijan","Government of Azerbaijan","64","","Republic of Artsakh","338","Government of Armenia",1,"Artsakh (Nagorno-Karabakh)",1992,2167,2099,3635,4,"Armenia, Azerbaijan","373","","","371","373","371, 373","1","23,1",388,1992
388,"833","Azerbaijan","Government of Azerbaijan","64","","Republic of Artsakh","338","Government of Armenia",1,"Artsakh (Nagorno-Karabakh)",1993,1171,968,1801,4,"Armenia, Azerbaijan","373","","","371","373","371, 373","1","23,1",388,1993
388,"833","Azerbaijan","Government of Azerbaijan","64","","Republic of Artsakh","338","",1,"Artsakh (Nagorno-Karabakh)",1994,1507,1257,3937,3,"Armenia, Azerbaijan","373","","","","373","371, 373","1","23,1",388,1994
388,"833","Azerbaijan","Government of Azerbaijan","64","","Republic of Artsakh","338","Government of Armenia",1,"Artsakh (Nagorno-Karabakh)",1997,29,29,36,4,"Azerbaijan","373","","","371","373","373","1","23,1",388,1997
388,"833","Azerbaijan","Government of Azerbaijan","64","","Republic of Artsakh","338","Government of Armenia",1,"Artsakh (Nagorno-Karabakh)",1998,34,34,38,4,"Azerbaijan","373","","","371","373","373","1","23,1",388,1998
388,"833","Azerbaijan","Government of Azerbaijan","64","","Republic of Artsakh","338","Government of Armenia",1,"Artsakh (Nagorno-Karabakh)",2005,25,25,26,4,"Armenia, Azerbaijan","373","","","371","373","371, 373","1","23,1",388,2005
388,"833","Azerbaijan","Government of Azerbaijan","64","","Republic of Artsakh","338","Government of Armenia",1,"Artsakh (Nagorno-Karabakh)",2008,30,30,43,4,"Azerbaijan","373","","","371","373","373","1","23,1",388,2008
388,"833","Azerbaijan","Government of Azerbaijan","64","","Republic of Artsakh","338","Government of Armenia",1,"Artsakh (Nagorno-Karabakh)",2012,25,25,27,4,"Armenia, Azerbaijan","373","","","371","373","371, 373","1","23,1",388,2012
388,"833","Azerbaijan","Government of Azerbaijan","64","","Republic of Artsakh","338","Government of Armenia",1,"Artsakh (Nagorno-Karabakh)",2014,46,45,54,4,"Azerbaijan","373","","","371","373","373","1","23,1",388,2014
388,"833","Azerbaijan","Government of Azerbaijan","64","","Republic of Artsakh","338","Government of Armenia",1,"Artsakh (Nagorno-Karabakh)",2015,72,65,121,4,"Armenia, Azerbaijan","373","","","371","373","371, 373","1","23,1",388,2015
389,"835, 834","Bosnia-Herzegovina","Government of Bosnia-Herzegovina","50","","Serbian irregulars, Serbian Republic of Bosnia-Herzegovina","371, 339","Government of Serbia (Yugoslavia)",1,"Serb",1992,16802,13900,19027,4,"Bosnia-Herzegovina, Serbia (Yugoslavia), Croatia","346","","","345","346","345, 344, 346","1","23,1",389,1992
389,"835, 834","Bosnia-Herzegovina","Government of Bosnia-Herzegovina","50","","Serbian irregulars, Serbian Republic of Bosnia-Herzegovina","371, 339","Government of Serbia (Yugoslavia)",1,"Serb",1993,4980,4491,6329,4,"Bosnia-Herzegovina","346","","","345","346","346","1","23,1",389,1993
389,"835, 834","Bosnia-Herzegovina","Government of Bosnia-Herzegovina","50","","Serbian irregulars, Serbian Republic of Bosnia-Herzegovina","371, 339","",1,"Serb",1994,4873,4410,5609,3,"Bosnia-Herzegovina","346","","","","346","346","1","23,1",389,1994
389,"835, 834","Bosnia-Herzegovina","Government of Bosnia-Herzegovina","50","","Serbian irregulars, Serbian Republic of Bosnia-Herzegovina","371, 339","",1,"Serb",1995,8061,7722,9761,3,"Bosnia-Herzegovina","346","","","","346","346","1","23,1",389,1995
390,"837, 836","Croatia","Government of Croatia","48","","Serbian irregulars, Serbian Republic of Krajina","371, 340","Government of Serbia (Yugoslavia)",1,"Serb",1992,4034,4011,4078,4,"Bosnia-Herzegovina, Serbia (Yugoslavia), Croatia","344","","","345","344","345, 344, 346","1","23,1",390,1992
390,"837","Croatia","Government of Croatia","48","","Serbian Republic of Krajina","340","Government of Serbia (Yugoslavia)",1,"Serb",1993,418,418,486,4,"Bosnia-Herzegovina, Croatia","344","","","345","344","344, 346","1","23,1",390,1993
390,"837","Croatia","Government of Croatia","48","","Serbian Republic of Krajina","340","",1,"Serb",1994,86,86,86,3,"Bosnia-Herzegovina","344","","","","344","346","1","23,1",390,1994
390,"837","Croatia","Government of Croatia","48","","Serbian Republic of Krajina","340","",1,"Serb",1995,1132,672,2823,3,"Bosnia-Herzegovina, Croatia","344","","","","344","344, 346","1","23,1",390,1995
391,"15262, 14973","Egypt","Government of Egypt","117","","Harakit Sawa'id Misr, Jama'at Ansar al-Islam","6616, 6844","",2,"",2017,103,103,160,3,"Egypt","651","","","","651","651","2","23,1",391,2017
391,"14973","Egypt","Government of Egypt","117","","Harakit Sawa'id Misr","6616","",2,"",2018,28,28,28,3,"Egypt","651","","","","651","651","2","23,1",391,2018
391,"14973","Egypt","Government of Egypt","117","","Harakit Sawa'id Misr","6616","",2,"",2019,48,42,54,3,"Egypt","651","","","","651","651","2","23,1",391,2019
391,"838","Egypt","Government of Egypt","117","","al-Gama'a al-Islamiyya","341","",2,"",1993,103,103,119,3,"Egypt","651","","","","651","651","2","23,1",391,1993
391,"838","Egypt","Government of Egypt","117","","al-Gama'a al-Islamiyya","341","",2,"",1994,145,145,157,3,"Egypt","651","","","","651","651","2","23,1",391,1994
391,"838","Egypt","Government of Egypt","117","","al-Gama'a al-Islamiyya","341","",2,"",1995,191,191,199,3,"Ethiopia, Egypt","651","","","","651","651, 530","2","23,1",391,1995
391,"838","Egypt","Government of Egypt","117","","al-Gama'a al-Islamiyya","341","",2,"",1996,85,85,99,3,"Egypt","651","","","","651","651","2","23,1",391,1996
391,"838","Egypt","Government of Egypt","117","","al-Gama'a al-Islamiyya","341","",2,"",1997,66,66,69,3,"Egypt","651","","","","651","651","2","23,1",391,1997
391,"838","Egypt","Government of Egypt","117","","al-Gama'a al-Islamiyya","341","",2,"",1998,27,27,29,3,"Egypt","651","","","","651","651","2","23,1",391,1998
391,"12487","Egypt","Government of Egypt","117","","Ansar Bayt al-Maqdis","4319","",2,"",2014,184,184,184,3,"Egypt","651","","","","651","651","2","23,1",391,2014
392,"839","Georgia","Government of Georgia","63","","Republic of Abkhazia","342","",1,"Abkhazia",1992,566,566,1195,3,"Georgia","372","","","","372","372","1","23,1",392,1992
392,"839","Georgia","Government of Georgia","63","","Republic of Abkhazia","342","",1,"Abkhazia",1993,1611,1611,2563,3,"Georgia","372","","","","372","372","1","23,1",392,1993
393,"840","Georgia","Government of Georgia","63","","Republic of South Ossetia","343","",1,"South Ossetia",1992,134,134,137,3,"Georgia","372","","","","372","372","1","23,1",393,1992
393,"840","Georgia","Government of Georgia","63","","Republic of South Ossetia","343","",1,"South Ossetia",2004,27,27,73,3,"Georgia","372","","","","372","372","1","23,1",393,2004
393,"840","Georgia","Government of Georgia","63","","Republic of South Ossetia","343","Government of Russia (Soviet Union)",1,"South Ossetia",2008,621,621,859,4,"Georgia","372","","","365","372","372","1","23,1",393,2008
394,"841","Moldova","Government of Moldova","55","","PMR","344","",1,"Dniestr",1992,585,316,632,3,"Moldova","359","","","","359","359","1","23,1",394,1992
395,"842, 12298","Tajikistan","Government of Tajikistan","131","Government of Uzbekistan","PFT, UTO","345, 1186","Government of Uzbekistan",2,"",1992,3355,3352,5118,4,"Tajikistan","702","704","","704","702","702","3","23,1",395,1992
395,"842","Tajikistan","Government of Tajikistan","131","Government of Uzbekistan, Government of Russia (Soviet Union)","UTO","345","",2,"",1993,1395,1395,1596,4,"Tajikistan, Afghanistan","702","704, 365","","","702","702, 700","3","23,1",395,1993
395,"842","Tajikistan","Government of Tajikistan","131","Government of Uzbekistan, Government of Russia (Soviet Union)","UTO","345","",2,"",1994,356,356,645,4,"Tajikistan","702","704, 365","","","702","702","3","23,1",395,1994
395,"842","Tajikistan","Government of Tajikistan","131","Government of Russia (Soviet Union)","UTO","345","",2,"",1995,368,362,649,4,"Tajikistan, Afghanistan","702","365","","","702","702, 700","3","23,1",395,1995
395,"842","Tajikistan","Government of Tajikistan","131","Government of Russia (Soviet Union)","UTO","345","",2,"",1996,2790,2790,2869,4,"Tajikistan","702","365","","","702","702","3","23,1",395,1996
395,"843","Tajikistan","Government of Tajikistan","131","","Forces of Khudoberdiyev","346","",2,"",1997,87,87,87,3,"Tajikistan","702","","","","702","702","3","23,1",395,1997
395,"843, 842","Tajikistan","Government of Tajikistan","131","","Forces of Khudoberdiyev, UTO","345, 346","",2,"",1998,600,600,617,3,"Tajikistan","702","","","","702","702","3","23,1",395,1998
395,"12300","Tajikistan","Government of Tajikistan","131","","Forces of Mullo Abdullo","1216","",2,"",2000,46,46,46,3,"Tajikistan","702","","","","702","702","3","23,1",395,2000
395,"908, 12300","Tajikistan","Government of Tajikistan","131","","IMU, Forces of Mullo Abdullo","359, 1216","",2,"",2010,98,93,244,3,"Tajikistan","702","","","","702","702","3","23,1",395,2010
395,"908","Tajikistan","Government of Tajikistan","131","","IMU","359","",2,"",2011,28,21,30,3,"Tajikistan","702","","","","702","702","3","23,1",395,2011
396,"844","Azerbaijan","Government of Azerbaijan","64","","Military faction (forces of Suret Husseinov)","347","",2,"",1993,60,60,88,3,"Azerbaijan","373","","","","373","373","1","23,1",396,1993
396,"845","Azerbaijan","Government of Azerbaijan","64","","OPON Forces","348","",2,"",1995,44,44,72,3,"Azerbaijan","373","","","","373","373","1","23,1",396,1995
397,"846","Bosnia-Herzegovina","Government of Bosnia-Herzegovina","50","","Autonomous Province of Western Bosnia","349","",1,"Bihaca Krajina",1993,231,202,317,3,"Bosnia-Herzegovina","346","","","","346","346","1","23,1",397,1993
397,"846","Bosnia-Herzegovina","Government of Bosnia-Herzegovina","50","","Autonomous Province of Western Bosnia","349","",1,"Bihaca Krajina",1994,1385,1372,1659,3,"Bosnia-Herzegovina","346","","","","346","346","1","23,1",397,1994
397,"846","Bosnia-Herzegovina","Government of Bosnia-Herzegovina","50","","Autonomous Province of Western Bosnia","349","",1,"Bihaca Krajina",1995,488,487,753,3,"Bosnia-Herzegovina, Croatia","346","","","","346","344, 346","1","23,1",397,1995
398,"848","Bosnia-Herzegovina","Government of Bosnia-Herzegovina","50","","Croatian Republic of Bosnia-Herzegovina","350","",1,"Croat",1992,80,80,80,3,"Bosnia-Herzegovina","346","","","","346","346","1","23,1",398,1992
398,"847, 848","Bosnia-Herzegovina","Government of Bosnia-Herzegovina","50","","Croatian Republic of Bosnia-Herzegovina, Croatian irregulars","350, 370","Government of Croatia",1,"Croat",1993,7949,7672,8765,4,"Bosnia-Herzegovina","346","","","344","346","346","1","23,1",398,1993
398,"847, 848","Bosnia-Herzegovina","Government of Bosnia-Herzegovina","50","","Croatian Republic of Bosnia-Herzegovina, Croatian irregulars","350, 370","",1,"Croat",1994,678,567,685,3,"Bosnia-Herzegovina","346","","","","346","346","1","23,1",398,1994
399,"849","Russia (Soviet Union)","Government of Russia (Soviet Union)","57","","Parliamentary Forces","351","",2,"",1993,145,145,147,3,"Russia (Soviet Union)","365","","","","365","365","1","23,1",399,1993
400,"850","Mexico","Government of Mexico","10","","EZLN","767","",2,"",1994,145,145,445,3,"Mexico","70","","","","70","70","5","23,1",400,1994
400,"851","Mexico","Government of Mexico","10","","EPR","768","",2,"",1996,37,37,70,3,"Mexico","70","","","","70","70","5","23,1",400,1996
401,"852","Russia (Soviet Union)","Government of Russia (Soviet Union)","57","","Chechen Republic of Ichkeria","352","",1,"Chechnya",1994,229,229,338,3,"Russia (Soviet Union)","365","","","","365","365","1","23,1",401,1994
401,"852","Russia (Soviet Union)","Government of Russia (Soviet Union)","57","","Chechen Republic of Ichkeria","352","",1,"Chechnya",1995,1754,1754,3896,3,"Russia (Soviet Union)","365","","","","365","365","1","23,1",401,1995
401,"852","Russia (Soviet Union)","Government of Russia (Soviet Union)","57","","Chechen Republic of Ichkeria","352","",1,"Chechnya",1996,2721,2704,4027,3,"Russia (Soviet Union)","365","","","","365","365","1","23,1",401,1996
401,"852","Russia (Soviet Union)","Government of Russia (Soviet Union)","57","","Chechen Republic of Ichkeria","352","",1,"Chechnya",1999,5769,5719,12068,3,"Russia (Soviet Union)","365","","","","365","365","1","23,1",401,1999
401,"852","Russia (Soviet Union)","Government of Russia (Soviet Union)","57","","Chechen Republic of Ichkeria","352","",1,"Chechnya",2000,2907,2907,5329,3,"Russia (Soviet Union)","365","","","","365","365","1","23,1",401,2000
401,"852","Russia (Soviet Union)","Government of Russia (Soviet Union)","57","","Chechen Republic of Ichkeria","352","",1,"Chechnya",2001,791,790,1032,3,"Russia (Soviet Union)","365","","","","365","365","1","23,1",401,2001
401,"852","Russia (Soviet Union)","Government of Russia (Soviet Union)","57","","Chechen Republic of Ichkeria","352","",1,"Chechnya",2002,1289,1131,3196,3,"Georgia, Russia (Soviet Union)","365","","","","365","372, 365","1","23,1",401,2002
401,"852","Russia (Soviet Union)","Government of Russia (Soviet Union)","57","","Chechen Republic of Ichkeria","352","",1,"Chechnya",2003,480,476,626,3,"Russia (Soviet Union)","365","","","","365","365","1","23,1",401,2003
401,"852","Russia (Soviet Union)","Government of Russia (Soviet Union)","57","","Chechen Republic of Ichkeria","352","",1,"Chechnya",2004,1151,1134,1304,3,"Russia (Soviet Union), Qatar","365","","","","365","694, 365","1","23,1",401,2004
401,"852","Russia (Soviet Union)","Government of Russia (Soviet Union)","57","","Chechen Republic of Ichkeria","352","",1,"Chechnya",2005,682,650,735,3,"Russia (Soviet Union)","365","","","","365","365","1","23,1",401,2005
401,"852","Russia (Soviet Union)","Government of Russia (Soviet Union)","57","","Chechen Republic of Ichkeria","352","",1,"Chechnya",2006,259,259,357,3,"Russia (Soviet Union)","365","","","","365","365","1","23,1",401,2006
401,"852","Russia (Soviet Union)","Government of Russia (Soviet Union)","57","","Chechen Republic of Ichkeria","352","",1,"Chechnya",2007,146,146,217,3,"Russia (Soviet Union)","365","","","","365","365","1","23,1",401,2007
402,"853","Yemen (North Yemen)","Government of Yemen (North Yemen)","123","","Democratic Republic of Yemen","353","",1,"South Yemen",1994,1489,1283,3253,3,"Yemen (North Yemen)","678","","","","678","678","2","23,1",402,1994
15256,"16685","Benin","Government of Benin","1209","","JNIM","6716","",2,"",2022,30,30,33,3,"Benin","434","","","","434","434","4","23,1",15256,2022
13721,"14847","Algeria","Government of Algeria","109","","IS","234","",1,"Islamic State",2015,26,26,26,3,"Algeria","615","","","","615","615","4","23,1",13721,2015
403,"854","Peru, Ecuador","Government of Ecuador","20","","Government of Peru","21","",1,"Cordillera del Condor",1995,99,92,303,2,"Peru, Ecuador","130","","135","","135, 130","135, 130","5","23,1",403,1995
404,"855","Pakistan","Government of Pakistan","142","","MQM","354","",2,"",1990,70,70,70,3,"Pakistan","770","","","","770","770","3","23,1",404,1990
404,"855","Pakistan","Government of Pakistan","142","","MQM","354","",2,"",1994,38,38,38,3,"Pakistan","770","","","","770","770","3","23,1",404,1994
404,"855","Pakistan","Government of Pakistan","142","","MQM","354","",2,"",1995,52,52,55,3,"Pakistan","770","","","","770","770","3","23,1",404,1995
404,"855","Pakistan","Government of Pakistan","142","","MQM","354","",2,"",1996,42,42,42,3,"Pakistan","770","","","","770","770","3","23,1",404,1996
404,"857","Pakistan","Government of Pakistan","142","","TTP","356","",2,"",2007,585,585,727,3,"Pakistan","770","","","","770","770","3","23,1",404,2007
404,"857","Pakistan","Government of Pakistan","142","","TTP","356","",2,"",2008,2998,2980,3699,3,"Pakistan","770","","","","770","770","3","23,1",404,2008
404,"11336, 857","Pakistan","Government of Pakistan","142","","Lashkar-e-Islam, TTP","399, 356","",2,"",2009,6303,4774,6721,3,"Pakistan","770","","","","770","770","3","23,1",404,2009
404,"11336, 857","Pakistan","Government of Pakistan","142","","Lashkar-e-Islam, TTP","399, 356","",2,"",2010,5574,5322,6409,3,"Pakistan","770","","","","770","770","3","23,1",404,2010
404,"857","Pakistan","Government of Pakistan","142","","TTP","356","",2,"",2011,2598,2561,2909,3,"Afghanistan, Pakistan","770","","","","770","770, 700","3","23,1",404,2011
404,"11497, 11336, 857","Pakistan","Government of Pakistan","142","","Lashkar-e-Islam, TTP - TA, TTP","399, 1101, 356","",2,"",2012,2673,2673,2742,3,"Pakistan","770","","","","770","770","3","23,1",404,2012
404,"11336, 857","Pakistan","Government of Pakistan","142","","Lashkar-e-Islam, TTP","399, 356","",2,"",2013,1729,1729,1758,3,"Pakistan","770","","","","770","770","3","23,1",404,2013
404,"14227, 10961, 11336, 857","Pakistan","Government of Pakistan","142","","Lashkar-e-Islam, IMU, TTP, Jamaat-ul-Ahrar","359, 5928, 399, 356","",2,"",2014,2947,2945,3016,3,"Pakistan","770","","","","770","770","3","23,1",404,2014
404,"857","Pakistan","Government of Pakistan","142","Government of Afghanistan","TTP","356","",2,"",2015,1954,1954,1989,4,"Afghanistan, Pakistan","770","700","","","770","770, 700","3","23,1",404,2015
404,"857","Pakistan","Government of Pakistan","142","Government of Afghanistan","TTP","356","",2,"",2016,526,526,534,4,"Afghanistan, Pakistan","770","700","","","770","770, 700","3","23,1",404,2016
404,"857","Pakistan","Government of Pakistan","142","Government of Afghanistan","TTP","356","",2,"",2017,506,506,507,4,"Afghanistan, Pakistan","770","700","","","770","770, 700","3","23,1",404,2017
404,"857","Pakistan","Government of Pakistan","142","Government of Afghanistan","TTP","356","",2,"",2018,147,147,155,4,"Afghanistan, Pakistan","770","700","","","770","770, 700","3","23,1",404,2018
404,"857","Pakistan","Government of Pakistan","142","","TTP","356","",2,"",2019,148,148,153,3,"Pakistan","770","","","","770","770","3","23,1",404,2019
404,"857","Pakistan","Government of Pakistan","142","","TTP","356","",2,"",2020,186,186,186,3,"Pakistan","770","","","","770","770","3","23,1",404,2020
404,"857","Pakistan","Government of Pakistan","142","","TTP","356","",2,"",2021,259,257,273,3,"Afghanistan, Pakistan","770","","","","770","770, 700","3","23,1",404,2021
404,"857","Pakistan","Government of Pakistan","142","","TTP","356","",2,"",2022,494,492,525,3,"Afghanistan, Pakistan","770","","","","770","770, 700","3","23,1",404,2022
405,"858","Nigeria, Cameroon","Government of Cameroon","83","","Government of Nigeria","84","",1,"Bakassi",1996,56,56,57,2,"Cameroon","471","","475","","475, 471","471","4","23,1",405,1996
406,"859","Niger","Government of Niger","75","","FDR","543","",1,"Eastern Niger",1995,34,34,34,3,"Niger","436","","","","436","436","4","23,1",406,1995
407,"860","Comoros","Government of Comoros","107","","MPA/Republic of Anjouan","544","",1,"Anjouan",1997,56,56,78,3,"Comoros","581","","","","581","581","4","23,1",407,1997
408,"864","Congo","Government of Congo","88","","Ntsiloulous","548","",2,"",2016,73,73,73,3,"Congo","484","","","","484","484","4","23,1",408,2016
408,"861","Congo","Government of Congo","88","","Ninjas","546","",2,"",1993,53,53,53,3,"Congo","484","","","","484","484","4","23,1",408,1993
408,"862, 863","Congo","Government of Congo","88","Government of Chad, Government of Angola","Cobras, Cocoyes","547, 545","Government of Chad, Government of Angola",2,"",1997,10033,10033,20033,4,"DR Congo (Zaire), Congo","484","540, 483","","540, 483","484","490, 484","4","23,1",408,1997
408,"863, 861, 864","Congo","Government of Congo","88","Government of Chad, Government of Angola","Ntsiloulous, Cocoyes, Ninjas","546, 548, 547","",2,"",1998,3272,3272,3476,4,"Congo","484","540, 483","","","484","484","4","23,1",408,1998
408,"863, 864","Congo","Government of Congo","88","Government of Chad, Government of Angola","Ntsiloulous, Cocoyes","548, 547","",2,"",1999,626,626,1516,4,"Congo","484","540, 483","","","484","484","4","23,1",408,1999
408,"864","Congo","Government of Congo","88","Government of Angola","Ntsiloulous","548","",2,"",2002,167,167,171,4,"Congo","484","540","","","484","484","4","23,1",408,2002
409,"865","Eritrea, Ethiopia","Government of Eritrea","98","","Government of Ethiopia","97","",1,"Common border",2000,50000,50000,50000,2,"Eritrea, Ethiopia","531","","530","","530, 531","530, 531","4","23,1",409,2000
409,"865","Eritrea, Ethiopia","Government of Eritrea","98","","Government of Ethiopia","97","",1,"Common border",2016,25,25,200,2,"Eritrea","531","","530","","530, 531","531","4","23,1",409,2016
409,"865","Eritrea, Ethiopia","Government of Eritrea","98","","Government of Ethiopia","97","",1,"Common border",1998,1000,218,1980,2,"Eritrea, Ethiopia","531","","530","","530, 531","530, 531","4","23,1",409,1998
409,"865","Eritrea, Ethiopia","Government of Eritrea","98","","Government of Ethiopia","97","",1,"Common border",1999,47192,47192,47192,2,"Eritrea, Ethiopia","531","","530","","530, 531","530, 531","4","23,1",409,1999
410,"866","Guinea-Bissau","Government of Guinea-Bissau","70","Government of Senegal, Government of Guinea","Peace and Justice, Military Junta for the Consolidation of Democracy","549","",2,"",1998,505,501,702,4,"Guinea-Bissau","404","433, 438","","","404","404","4","23,1",410,1998
410,"866","Guinea-Bissau","Government of Guinea-Bissau","70","Government of Senegal, Government of Guinea","Peace and Justice, Military Junta for the Consolidation of Democracy","549","",2,"",1999,199,154,225,4,"Guinea-Bissau","404","433, 438","","","404","404","4","23,1",410,1999
411,"867","Lesotho","Government of Lesotho","104","Government of Botswana, Government of South Africa","Military faction (Lesotho)","550","",2,"",1998,78,78,78,4,"Lesotho","570","571, 560","","","570","570","4","23,1",411,1998
13219,"14085","Ukraine","Government of Ukraine","61","","Maidan","5817","",2,"",2014,88,88,107,3,"Ukraine","369","","","","369","369","1","23,1",13219,2014
412,"868","Serbia (Yugoslavia)","Government of Serbia (Yugoslavia)","49","","UCK","357","",1,"Kosovo",1998,1235,651,2288,3,"Serbia (Yugoslavia)","345","","","","345","345","1","23,1",412,1998
412,"868","Serbia (Yugoslavia)","Government of Serbia (Yugoslavia)","49","","UCK","357","Government of Germany, Government of Portugal, Government of Italy, Government of Netherlands, Government of France, Government of Belgium, Government of Denmark, Government of Greece, Government of United States of America, Government of Canada, Government of Iceland, Government of Luxembourg, Government of Hungary, Government of Spain, Government of Poland, Government of Norway, Government of Czech Republic, Government of Turkey, Government of United Kingdom",1,"Kosovo",1999,1404,1349,3074,4,"Serbia (Yugoslavia), Albania","345","","","20, 316, 390, 212, 325, 395, 230, 310, 385, 211, 290, 200, 350, 2, 235, 210, 220, 260, 640","345","345, 339","1","23,1",412,1999
413,"869","Ethiopia","Government of Ethiopia","97","","OLF","551","",1,"Oromiya",1989,25,25,150,3,"Ethiopia","530","","","","530","530","4","23,1",413,1989
413,"869","Ethiopia","Government of Ethiopia","97","","OLF","551","",1,"Oromiya",1990,80,80,3036,3,"Ethiopia","530","","","","530","530","4","23,1",413,1990
413,"869","Ethiopia","Government of Ethiopia","97","","OLF","551","",1,"Oromiya",1991,700,700,1330,3,"Ethiopia","530","","","","530","530","4","23,1",413,1991
413,"869","Ethiopia","Government of Ethiopia","97","","OLF","551","",1,"Oromiya",1992,165,165,275,3,"Ethiopia","530","","","","530","530","4","23,1",413,1992
413,"869","Ethiopia","Government of Ethiopia","97","","OLF","551","",1,"Oromiya",1994,25,25,42,3,"Ethiopia","530","","","","530","530","4","23,1",413,1994
413,"869","Ethiopia","Government of Ethiopia","97","","OLF","551","",1,"Oromiya",1995,25,1,402,3,"Ethiopia","530","","","","530","530","4","23,1",413,1995
413,"869","Ethiopia","Government of Ethiopia","97","","OLF","551","",1,"Oromiya",1998,25,25,25,3,"Ethiopia","530","","","","530","530","4","23,1",413,1998
413,"869","Ethiopia","Government of Ethiopia","97","","OLF","551","",1,"Oromiya",1999,683,372,2914,3,"Kenya, Ethiopia","530","","","","530","530, 501","4","23,1",413,1999
413,"869","Ethiopia","Government of Ethiopia","97","","OLF","551","",1,"Oromiya",2000,25,25,608,3,"Ethiopia","530","","","","530","530","4","23,1",413,2000
413,"869","Ethiopia","Government of Ethiopia","97","","OLF","551","",1,"Oromiya",2001,25,10,876,3,"Kenya, Ethiopia","530","","","","530","530, 501","4","23,1",413,2001
413,"869","Ethiopia","Government of Ethiopia","97","","OLF","551","",1,"Oromiya",2002,25,25,1434,3,"Ethiopia","530","","","","530","530","4","23,1",413,2002
413,"869","Ethiopia","Government of Ethiopia","97","","OLF","551","",1,"Oromiya",2003,25,25,76,3,"Ethiopia","530","","","","530","530","4","23,1",413,2003
413,"869","Ethiopia","Government of Ethiopia","97","","OLF","551","",1,"Oromiya",2004,25,0,167,3,"Ethiopia","530","","","","530","530","4","23,1",413,2004
413,"869","Ethiopia","Government of Ethiopia","97","","OLF","551","",1,"Oromiya",2005,25,0,75,3,"Ethiopia","530","","","","530","530","4","23,1",413,2005
413,"869","Ethiopia","Government of Ethiopia","97","","OLF","551","",1,"Oromiya",2006,25,0,202,3,"Ethiopia","530","","","","530","530","4","23,1",413,2006
413,"869","Ethiopia","Government of Ethiopia","97","","OLF","551","",1,"Oromiya",2007,25,0,361,3,"Ethiopia","530","","","","530","530","4","23,1",413,2007
413,"869","Ethiopia","Government of Ethiopia","97","","OLF","551","",1,"Oromiya",2008,25,25,175,3,"Ethiopia","530","","","","530","530","4","23,1",413,2008
413,"869","Ethiopia","Government of Ethiopia","97","","OLF","551","",1,"Oromiya",2009,42,42,97,3,"Ethiopia","530","","","","530","530","4","23,1",413,2009
413,"869","Ethiopia","Government of Ethiopia","97","","OLF","551","",1,"Oromiya",2010,25,25,128,3,"Ethiopia","530","","","","530","530","4","23,1",413,2010
413,"869","Ethiopia","Government of Ethiopia","97","","OLF","551","",1,"Oromiya",2011,25,0,174,3,"Ethiopia","530","","","","530","530","4","23,1",413,2011
413,"869","Ethiopia","Government of Ethiopia","97","","OLF","551","",1,"Oromiya",2012,25,25,162,3,"Ethiopia","530","","","","530","530","4","23,1",413,2012
413,"869","Ethiopia","Government of Ethiopia","97","","OLF","551","",1,"Oromiya",2013,25,25,93,3,"Ethiopia","530","","","","530","530","4","23,1",413,2013
413,"869","Ethiopia","Government of Ethiopia","97","","OLF","551","",1,"Oromiya",2015,25,25,110,3,"Kenya, Ethiopia","530","","","","530","530, 501","4","23,1",413,2015
413,"869","Ethiopia","Government of Ethiopia","97","","OLF","551","",1,"Oromiya",2016,25,5,292,3,"Ethiopia","530","","","","530","530","4","23,1",413,2016
413,"16240","Ethiopia","Government of Ethiopia","97","","OLA","7595","",1,"Oromiya",2019,40,40,43,3,"Ethiopia","530","","","","530","530","4","23,1",413,2019
413,"16240","Ethiopia","Government of Ethiopia","97","","OLA","7595","",1,"Oromiya",2020,28,28,378,3,"Ethiopia","530","","","","530","530","4","23,1",413,2020
413,"16240","Ethiopia","Government of Ethiopia","97","","OLA","7595","",1,"Oromiya",2021,280,276,3774,3,"Ethiopia","530","","","","530","530","4","23,1",413,2021
413,"16240","Ethiopia","Government of Ethiopia","97","Government of Kenya","OLA","7595","",1,"Oromiya",2022,764,652,5963,4,"Kenya, Ethiopia","530","501","","","530","530, 501","4","23,1",413,2022
414,"870","Russia (Soviet Union)","Government of Russia (Soviet Union)","57","","Wahhabi movement of the Buinaksk district","358","",1,"Dagestan",1999,85,85,125,3,"Russia (Soviet Union)","365","","","","365","365","1","23,1",414,1999
415,"871","Uzbekistan","Government of Uzbekistan","133","Government of Kyrgyzstan","IMU","359","",2,"",2000,471,410,482,4,"Kyrgyzstan, Uzbekistan","704","703","","","704","703, 704","3","23,1",415,2000
415,"872","Uzbekistan","Government of Uzbekistan","133","","JIG","360","",2,"",2004,37,19,50,3,"Uzbekistan","704","","","","704","704","3","23,1",415,2004
415,"871","Uzbekistan","Government of Uzbekistan","133","","IMU","359","",2,"",1999,67,64,76,3,"Tajikistan, Kyrgyzstan, Uzbekistan","704","","","","704","702, 703, 704","3","23,1",415,1999
416,"12380","Central African Republic","Government of Central African Republic","86","Government of Djibouti, Government of Ghana, Government of Senegal, Government of Jordan, Government of Indonesia, Government of Portugal, Government of Zambia, Government of Serbia (Yugoslavia), Government of Egypt, Government of Benin, Government of Ivory Coast, Government of France, Government of Tunisia, Government of Cambodia (Kampuchea), Government of Burundi, Government of Togo, Government of Romania, Government of Sri Lanka, Government of DR Congo (Zaire), Government of Niger, Government of Tanzania, Government of Bangladesh, Government of Mauritania, Government of Nepal, Government of Rwanda, Government of Cameroon, Government of Congo, Government of Guinea, Government of Burkina Faso, Government of Hungary, Government of Spain, Government of Sweden, Government of Gambia, Government of Mali, Government of Yemen (North Yemen), Government of Gabon, Government of Pakistan, Government of Peru, Government of Morocco","anti-Balaka","4201","",2,"",2017,35,35,35,4,"Central African Republic","482","490, 439, 516, 345, 600, 510, 678, 420, 461, 481, 811, 771, 135, 484, 438, 230, 471, 433, 663, 452, 437, 651, 435, 310, 616, 522, 434, 436, 770, 517, 790, 551, 432, 780, 380, 235, 220, 360, 850","","","482","482","4","23,1",416,2017
416,"15593, 12380","Central African Republic","Government of Central African Republic","86","Government of Djibouti, Government of Ghana, Government of Senegal, Government of Jordan, Government of Indonesia, Government of Portugal, Government of Zambia, Government of Serbia (Yugoslavia), Government of Egypt, Government of Benin, Government of Ivory Coast, Government of France, Government of Tunisia, Government of Cambodia (Kampuchea), Government of Burundi, Government of Togo, Government of Romania, Government of Sri Lanka, Government of Madagascar, Government of DR Congo (Zaire), Government of Niger, Government of Tanzania, Government of Bangladesh, Government of Mauritania, Government of Nepal, Government of Rwanda, Government of Cameroon, Government of Congo, Government of Guinea, Government of Burkina Faso, Government of Spain, Government of Sweden, Government of Gambia, Government of Mali, Government of Gabon, Government of Pakistan, Government of Peru, Government of Morocco","anti-Balaka, UPC","4201, 5999","",2,"",2018,103,100,116,4,"Central African Republic","482","490, 439, 516, 345, 600, 510, 420, 461, 481, 811, 771, 135, 484, 438, 230, 580, 471, 433, 663, 452, 437, 651, 435, 616, 522, 434, 436, 770, 517, 790, 551, 432, 780, 380, 235, 220, 360, 850","","","482","482","4","23,1",416,2018
416,"15593","Central African Republic","Government of Central African Republic","86","Government of Djibouti, Government of Ghana, Government of Senegal, Government of Jordan, Government of Indonesia, Government of Portugal, Government of Zambia, Government of Serbia (Yugoslavia), Government of Egypt, Government of Benin, Government of Ivory Coast, Government of France, Government of Tunisia, Government of Cambodia (Kampuchea), Government of Burundi, Government of Togo, Government of Romania, Government of Sri Lanka, Government of Madagascar, Government of DR Congo (Zaire), Government of Niger, Government of Tanzania, Government of Bangladesh, Government of Mauritania, Government of Nepal, Government of Rwanda, Government of Cameroon, Government of Congo, Government of Guinea, Government of Burkina Faso, Government of Spain, Government of Sweden, Government of Gambia, Government of Mali, Government of Gabon, Government of Pakistan, Government of Peru, Government of Morocco","UPC","5999","",2,"",2019,51,48,53,4,"Central African Republic","482","490, 439, 516, 345, 600, 510, 420, 461, 481, 811, 771, 135, 484, 438, 230, 580, 471, 433, 663, 452, 437, 651, 435, 616, 522, 434, 436, 770, 517, 790, 551, 432, 780, 380, 235, 220, 360, 850","","","482","482","4","23,1",416,2019
416,"16562, 15593","Central African Republic","Government of Central African Republic","86","Government of Djibouti, Government of Ghana, Government of Senegal, Government of Brazil, Government of Jordan, Government of Indonesia, Government of Portugal, Government of Zambia, Government of Serbia (Yugoslavia), Government of Egypt, Government of Benin, Government of Ivory Coast, Government of France, Government of Tunisia, Government of Cambodia (Kampuchea), Government of Burundi, Government of Togo, Government of Romania, Government of Sri Lanka, Government of Madagascar, Government of Niger, Government of Tanzania, Government of Bangladesh, Government of Mauritania, Government of Nepal, Government of Nigeria, Government of Rwanda, Government of Cameroon, Government of Congo, Government of Guinea, Government of Burkina Faso, Government of Spain, Government of Sweden, Government of Gambia, Government of Mali, Government of Gabon, Government of Pakistan, Government of Peru, Government of Morocco","CPC, UPC","7870, 5999","",2,"",2020,57,57,67,4,"Central African Republic","482","439, 516, 345, 600, 510, 420, 461, 481, 811, 771, 475, 135, 484, 438, 230, 580, 471, 433, 663, 452, 437, 651, 435, 616, 522, 140, 434, 436, 770, 517, 790, 551, 432, 780, 380, 235, 220, 360, 850","","","482","482","4","23,1",416,2020
416,"16562, 15593","Central African Republic","Government of Central African Republic","86","Government of Djibouti, Government of Ghana, Government of Senegal, Government of Brazil, Government of Jordan, Government of Indonesia, Government of Portugal, Government of Zambia, Government of Serbia (Yugoslavia), Government of Egypt, Government of Benin, Government of Ivory Coast, Government of France, Government of Tunisia, Government of Cambodia (Kampuchea), Government of Burundi, Government of Togo, Government of Romania, Government of Sri Lanka, Government of Madagascar, Government of Niger, Government of Tanzania, Government of Bangladesh, Government of Mauritania, Government of Nepal, Government of Nigeria, Government of Rwanda, Government of Cameroon, Government of Congo, Government of Guinea, Government of Burkina Faso, Government of Spain, Government of Sweden, Government of Gambia, Government of Mali, Government of Gabon, Government of Pakistan, Government of Peru, Government of Morocco","CPC, UPC","7870, 5999","",2,"",2021,906,743,916,4,"Central African Republic","482","439, 516, 345, 600, 510, 420, 461, 481, 811, 771, 475, 135, 484, 438, 230, 580, 471, 433, 663, 452, 437, 651, 435, 616, 522, 140, 434, 436, 770, 517, 790, 551, 432, 780, 380, 235, 220, 360, 850","","","482","482","4","23,1",416,2021
416,"16562","Central African Republic","Government of Central African Republic","86","Government of Bolivia, Government of Djibouti, Government of Colombia, Government of Ghana, Government of Mexico, Government of Russia (Soviet Union), Government of Brazil, Government of Senegal, Government of Jordan, Government of Indonesia, Government of Portugal, Government of Zambia, Government of Serbia (Yugoslavia), Government of Egypt, Government of Benin, Government of Ivory Coast, Government of Zimbabwe (Rhodesia), Government of France, Government of Tunisia, Government of Cambodia (Kampuchea), Government of Burundi, Government of Togo, Government of Romania, Government of Sri Lanka, Government of Kazakhstan, Government of Niger, Government of Guatemala, Government of Moldova, Government of Tanzania, Government of Bangladesh, Government of Mauritania, Government of Nepal, Government of Turkey, Government of Vietnam (North Vietnam), Government of Nigeria, Government of Rwanda, Government of Cameroon, Government of Congo, Government of Philippines, Government of United States of America, Government of Guinea, Government of Ecuador, Government of Bhutan, Government of Burkina Faso, Government of Spain, Government of Argentina, Government of Sweden, Government of Gambia, Government of Kenya, Government of Mali, Government of Paraguay, Government of Czech Republic, Government of Gabon, Government of Pakistan, Government of Peru, Government of Morocco, Government of Sierra Leone","CPC","7870","",2,"",2022,675,675,801,4,"Central African Republic","482","501, 439, 516, 130, 840, 345, 600, 816, 451, 100, 316, 760, 510, 420, 461, 150, 481, 811, 771, 475, 135, 484, 145, 438, 640, 230, 471, 433, 365, 663, 452, 160, 437, 651, 705, 435, 616, 522, 140, 434, 436, 770, 517, 790, 551, 90, 359, 432, 780, 380, 2, 235, 220, 70, 552, 360, 850","","","482","482","4","23,1",416,2022
416,"873","Central African Republic","Government of Central African Republic","86","Government of Libya","Military faction (forces of André Kolingba)","552","",2,"",2001,195,195,295,4,"Central African Republic","482","620","","","482","482","4","23,1",416,2001
416,"874","Central African Republic","Government of Central African Republic","86","","Forces of Francois Bozize","553","",2,"",2002,131,129,184,3,"Central African Republic","482","","","","482","482","4","23,1",416,2002
416,"875","Central African Republic","Government of Central African Republic","86","Government of France","Seleka","554","",2,"",2006,46,44,168,4,"Central African Republic","482","220","","","482","482","4","23,1",416,2006
416,"876","Central African Republic","Government of Central African Republic","86","","CPJP","1053","",2,"",2009,28,28,71,3,"Central African Republic","482","","","","482","482","4","23,1",416,2009
416,"876","Central African Republic","Government of Central African Republic","86","","CPJP","1053","",2,"",2010,25,25,105,3,"Central African Republic","482","","","","482","482","4","23,1",416,2010
416,"876","Central African Republic","Government of Central African Republic","86","","CPJP","1053","",2,"",2011,44,44,79,3,"Central African Republic","482","","","","482","482","4","23,1",416,2011
416,"875","Central African Republic","Government of Central African Republic","86","Government of Chad","Seleka","554","",2,"",2012,45,45,45,4,"Central African Republic","482","483","","","482","482","4","23,1",416,2012
416,"875, 12380","Central African Republic","Government of Central African Republic","86","Government of South Africa","anti-Balaka, Seleka","554, 4201","",2,"",2013,376,352,488,4,"Central African Republic","482","560","","","482","482","4","23,1",416,2013
416,"12380","Central African Republic","Government of Central African Republic","86","Government of Djibouti, Government of Ghana, Government of Senegal, Government of Brazil, Government of Jordan, Government of Indonesia, Government of Zambia, Government of Serbia (Yugoslavia), Government of Egypt, Government of Benin, Government of Ivory Coast, Government of France, Government of Tunisia, Government of Cambodia (Kampuchea), Government of Burundi, Government of Thailand, Government of Sri Lanka, Government of Madagascar, Government of DR Congo (Zaire), Government of Niger, Government of Guatemala, Government of Moldova, Government of Tanzania, Government of Bangladesh, Government of Mauritania, Government of Nepal, Government of Rwanda, Government of Cameroon, Government of Congo, Government of Chad, Government of United States of America, Government of Bhutan, Government of Burkina Faso, Government of Mali, Government of Kenya, Government of Paraguay, Government of Gabon, Government of Pakistan, Government of Peru, Government of Morocco","anti-Balaka","4201","",2,"",2014,136,136,148,4,"Central African Republic","482","501, 490, 439, 516, 345, 600, 510, 760, 150, 481, 811, 771, 135, 484, 471, 580, 433, 663, 452, 437, 651, 435, 616, 522, 140, 434, 436, 770, 517, 790, 800, 551, 90, 483, 359, 432, 780, 2, 220, 850","","","482","482","4","23,1",416,2014
417,"877","North Macedonia","Government of North Macedonia","47","","UCK","361","",2,"",2001,72,72,233,3,"Serbia (Yugoslavia), FYR, Macedonia","343","","","","343","343, 345","1","23,1",417,2001
418,"878","United States of America","Government of United States of America","3","Government of Afghanistan, Government of Pakistan","al-Qaida","769","",2,"",2016,117,117,146,4,"Afghanistan, Pakistan","2","770, 700","","","2","770, 700","5","23,1",418,2016
418,"878","United States of America","Government of United States of America","3","Government of Afghanistan, Government of Pakistan","al-Qaida","769","",2,"",2017,111,100,194,4,"Syria, Afghanistan, Pakistan","2","770, 700","","","2","652, 770, 700","5","23,1",418,2017
418,"878","United States of America","Government of United States of America","3","Government of Afghanistan","al-Qaida","769","",2,"",2019,37,34,56,4,"Afghanistan","2","700","","","2","700","5","23,1",418,2019
418,"878","United States of America","Government of United States of America","3","Government of France, Government of Australia, Government of Germany, Government of Poland, Government of Turkey, Government of Italy, Government of Canada, Government of United Kingdom","al-Qaida","769","",2,"",2001,1583,1538,2032,4,"United States of America, Afghanistan, Pakistan","2","900, 290, 200, 325, 20, 220, 260, 640","","","2","770, 2, 700","5","23,1",418,2001
418,"878","United States of America","Government of United States of America","3","Government of Germany, Government of Japan, Government of Afghanistan, Government of Jordan, Government of Italy, Government of Netherlands, Government of France, Government of Australia, Government of Romania, Government of New Zealand, Government of Denmark, Government of Greece, Government of Canada, Government of Lithuania, Government of Spain, Government of Poland, Government of Norway, Government of Pakistan, Government of Turkey, Government of United Kingdom","al-Qaida","769","",2,"",2002,878,864,1298,4,"Afghanistan, Pakistan","2","20, 390, 368, 325, 230, 700, 663, 385, 770, 900, 740, 260, 290, 200, 350, 210, 220, 920, 360, 640","","","2","770, 700","5","23,1",418,2002
418,"878","United States of America","Government of United States of America","3","Government of Denmark, Government of Lithuania, Government of Spain, Government of France, Government of Germany, Government of Poland, Government of Afghanistan, Government of New Zealand, Government of Romania, Government of Norway, Government of Slovakia, Government of Pakistan, Government of Italy, Government of Netherlands, Government of Canada, Government of United Kingdom","al-Qaida","769","",2,"",2003,65,65,91,4,"Afghanistan, Pakistan, Turkey","2","390, 368, 290, 200, 317, 325, 230, 20, 360, 210, 220, 385, 920, 770, 260, 700","","","2","770, 640, 700","5","23,1",418,2003
418,"878","United States of America","Government of United States of America","3","Government of Spain, Government of France, Government of Germany, Government of Poland, Government of Belgium, Government of Afghanistan, Government of New Zealand, Government of Saudi Arabia, Government of Romania, Government of Slovakia, Government of Portugal, Government of Czech Republic, Government of Pakistan, Government of Italy, Government of Canada, Government of United Kingdom","al-Qaida","769","",2,"",2004,378,378,952,4,"Saudi Arabia, Afghanistan, Pakistan","2","211, 290, 200, 670, 317, 325, 235, 230, 20, 360, 316, 220, 920, 770, 260, 700","","","2","670, 770, 700","5","23,1",418,2004
418,"878","United States of America","Government of United States of America","3","Government of Denmark, Government of Spain, Government of France, Government of Germany, Government of Poland, Government of Belgium, Government of Estonia, Government of Saudi Arabia, Government of Croatia, Government of Romania, Government of Norway, Government of Slovakia, Government of Pakistan, Government of Italy, Government of Netherlands, Government of Canada, Government of Kuwait, Government of United Kingdom","al-Qaida","769","",2,"",2005,108,107,289,4,"Saudi Arabia, Afghanistan, Pakistan","2","344, 390, 211, 290, 200, 690, 670, 317, 325, 220, 20, 360, 210, 366, 385, 230, 770, 260","","","2","670, 770, 700","5","23,1",418,2005
418,"878","United States of America","Government of United States of America","3","Government of France, Government of Germany, Government of Afghanistan, Government of Saudi Arabia, Government of Pakistan, Government of United Kingdom","al-Qaida","769","",2,"",2006,246,246,382,4,"Saudi Arabia, Afghanistan, Pakistan","2","200, 670, 220, 770, 260, 700","","","2","670, 770, 700","5","23,1",418,2006
418,"878","United States of America","Government of United States of America","3","Government of France, Government of Germany, Government of Afghanistan, Government of Saudi Arabia, Government of Pakistan, Government of United Kingdom","al-Qaida","769","",2,"",2007,186,149,225,4,"Saudi Arabia, Somalia, Afghanistan, Pakistan","2","200, 670, 220, 770, 260, 700","","","2","670, 770, 520, 700","5","23,1",418,2007
418,"878","United States of America","Government of United States of America","3","Government of Germany, Government of Afghanistan, Government of Romania, Government of Czech Republic, Government of Pakistan, Government of United Kingdom","al-Qaida","769","",2,"",2008,291,285,377,4,"Somalia, Afghanistan, Yemen (North Yemen), Pakistan","2","260, 200, 316, 770, 360, 700","","","2","770, 678, 520, 700","5","23,1",418,2008
418,"878","United States of America","Government of United States of America","3","Government of France, Government of Germany, Government of Afghanistan, Government of Jordan, Government of Romania, Government of Czech Republic, Government of Pakistan, Government of Netherlands, Government of Canada, Government of United Kingdom","al-Qaida","769","",2,"",2009,493,416,683,4,"Somalia, Afghanistan, Pakistan","2","663, 200, 20, 360, 316, 220, 210, 770, 260, 700","","","2","770, 520, 700","5","23,1",418,2009
418,"878","United States of America","Government of United States of America","3","Government of France, Government of Germany, Government of Afghanistan, Government of Jordan, Government of Romania, Government of Pakistan, Government of Netherlands, Government of Canada, Government of United Kingdom","al-Qaida","769","",2,"",2010,329,288,877,4,"Afghanistan, Pakistan","2","663, 200, 20, 360, 210, 220, 770, 260, 700","","","2","770, 700","5","23,1",418,2010
418,"878","United States of America","Government of United States of America","3","Government of France, Government of Afghanistan, Government of Jordan, Government of Pakistan, Government of United Kingdom","al-Qaida","769","",2,"",2011,203,203,513,4,"Somalia, Afghanistan, Pakistan","2","663, 200, 220, 770, 700","","","2","770, 520, 700","5","23,1",418,2011
418,"878","United States of America","Government of United States of America","3","Government of France, Government of Afghanistan, Government of Jordan, Government of Pakistan, Government of United Kingdom","al-Qaida","769","",2,"",2012,225,223,313,4,"Somalia, Afghanistan, Pakistan","2","663, 200, 220, 770, 700","","","2","770, 520, 700","5","23,1",418,2012
418,"878","United States of America","Government of United States of America","3","Government of Jordan, Government of United Kingdom, Government of Afghanistan, Government of Pakistan","al-Qaida","769","",2,"",2013,38,35,145,4,"Somalia, Afghanistan, Pakistan","2","663, 770, 200, 700","","","2","770, 520, 700","5","23,1",418,2013
418,"878","United States of America","Government of United States of America","3","Government of United Kingdom, Government of Afghanistan, Government of Pakistan","al-Qaida","769","",2,"",2014,138,129,253,4,"Syria, Afghanistan, Pakistan","2","200, 770, 700","","","2","652, 770, 700","5","23,1",418,2014
418,"878","United States of America","Government of United States of America","3","Government of Afghanistan, Government of Pakistan","al-Qaida","769","",2,"",2015,87,81,138,4,"Syria, Afghanistan, Pakistan","2","770, 700","","","2","652, 770, 700","5","23,1",418,2015
419,"879, 880","Ivory Coast","Government of Ivory Coast","76","","MPIGO, MPCI","557, 556","",2,"",2002,624,565,661,3,"Ivory Coast","437","","","","437","437","4","23,1",419,2002
419,"882, 10842","Ivory Coast","Government of Ivory Coast","76","","FDSI-CI, FRCI","1125, 558","",2,"",2011,98,90,179,3,"Ivory Coast","437","","","","437","437","4","23,1",419,2011
419,"882","Ivory Coast","Government of Ivory Coast","76","","FRCI","558","",2,"",2004,47,47,48,3,"Ivory Coast","437","","","","437","437","4","23,1",419,2004
419,"880, 881","Ivory Coast","Government of Ivory Coast","76","","MPIGO, MJP","557, 555","",2,"",2003,139,139,519,3,"Ivory Coast","437","","","","437","437","4","23,1",419,2003
420,"883","Australia, United Kingdom, Iraq, United States of America","Government of United States of America, Government of Australia, Government of United Kingdom","3, 156, 28","","Government of Iraq","116","",2,"",2003,7927,7927,13814,2,"Iraq","200, 900, 2","","645","","200, 900, 2, 645","645","3, 1, 2, 5","23,1",420,2003
421,"884","India","Government of India","141","","ABSU","362","",1,"Bodoland",1989,72,72,80,3,"India","750","","","","750","750","3","23,1",421,1989
421,"884","India","Government of India","141","","ABSU","362","",1,"Bodoland",1990,25,25,25,3,"India","750","","","","750","750","3","23,1",421,1990
421,"885","India","Government of India","141","","NDFB","363","",1,"Bodoland",1994,36,36,36,3,"India","750","","","","750","750","3","23,1",421,1994
421,"885","India","Government of India","141","","NDFB","363","",1,"Bodoland",1996,25,25,27,3,"India","750","","","","750","750","3","23,1",421,1996
421,"885","India","Government of India","141","","NDFB","363","",1,"Bodoland",1997,34,34,34,3,"Bhutan, India","750","","","","750","750, 760","3","23,1",421,1997
421,"885","India","Government of India","141","","NDFB","363","",1,"Bodoland",1998,31,31,31,3,"India","750","","","","750","750","3","23,1",421,1998
421,"885","India","Government of India","141","","NDFB","363","",1,"Bodoland",1999,33,33,33,3,"India","750","","","","750","750","3","23,1",421,1999
421,"885","India","Government of India","141","","NDFB","363","",1,"Bodoland",2001,77,77,77,3,"India","750","","","","750","750","3","23,1",421,2001
421,"885","India","Government of India","141","","NDFB","363","",1,"Bodoland",2002,44,44,44,3,"India","750","","","","750","750","3","23,1",421,2002
421,"885","India","Government of India","141","","NDFB","363","",1,"Bodoland",2003,109,109,122,3,"India","750","","","","750","750","3","23,1",421,2003
421,"885","India","Government of India","141","","NDFB","363","",1,"Bodoland",2004,27,27,27,3,"India","750","","","","750","750","3","23,1",421,2004
421,"886","India","Government of India","141","","NDFB - RD","1066","",1,"Bodoland",2009,73,69,78,3,"India","750","","","","750","750","3","23,1",421,2009
421,"886","India","Government of India","141","","NDFB - RD","1066","",1,"Bodoland",2010,57,57,86,3,"India","750","","","","750","750","3","23,1",421,2010
421,"14102","India","Government of India","141","","NDFB-S","5826","",1,"Bodoland",2013,28,26,28,3,"India","750","","","","750","750","3","23,1",421,2013
421,"14102","India","Government of India","141","","NDFB-S","5826","",1,"Bodoland",2014,39,33,58,3,"India","750","","","","750","750","3","23,1",421,2014
422,"887","Myanmar (Burma)","Government of Myanmar (Burma)","144","","UWSA","364","",1,"Wa",1997,130,130,130,3,"Myanmar (Burma)","775","","","","775","775","3","23,1",422,1997
423,"888","Thailand","Government of Thailand","147","","Patani insurgents","365","",1,"Patani",2003,26,26,27,3,"Thailand","800","","","","800","800","3","23,1",423,2003
423,"888","Thailand","Government of Thailand","147","","Patani insurgents","365","",1,"Patani",2004,164,162,170,3,"Thailand","800","","","","800","800","3","23,1",423,2004
423,"888","Thailand","Government of Thailand","147","","Patani insurgents","365","",1,"Patani",2005,205,202,212,3,"Thailand","800","","","","800","800","3","23,1",423,2005
423,"888","Thailand","Government of Thailand","147","","Patani insurgents","365","",1,"Patani",2006,212,212,217,3,"Thailand","800","","","","800","800","3","23,1",423,2006
423,"888","Thailand","Government of Thailand","147","","Patani insurgents","365","",1,"Patani",2007,197,197,206,3,"Thailand","800","","","","800","800","3","23,1",423,2007
423,"888","Thailand","Government of Thailand","147","","Patani insurgents","365","",1,"Patani",2008,130,130,133,3,"Thailand","800","","","","800","800","3","23,1",423,2008
423,"888","Thailand","Government of Thailand","147","","Patani insurgents","365","",1,"Patani",2009,138,135,138,3,"Thailand","800","","","","800","800","3","23,1",423,2009
423,"888","Thailand","Government of Thailand","147","","Patani insurgents","365","",1,"Patani",2010,75,73,78,3,"Thailand","800","","","","800","800","3","23,1",423,2010
423,"888","Thailand","Government of Thailand","147","","Patani insurgents","365","",1,"Patani",2011,143,143,149,3,"Thailand","800","","","","800","800","3","23,1",423,2011
423,"888","Thailand","Government of Thailand","147","","Patani insurgents","365","",1,"Patani",2012,131,131,132,3,"Thailand","800","","","","800","800","3","23,1",423,2012
423,"888","Thailand","Government of Thailand","147","","Patani insurgents","365","",1,"Patani",2013,189,188,192,3,"Thailand","800","","","","800","800","3","23,1",423,2013
423,"888","Thailand","Government of Thailand","147","","Patani insurgents","365","",1,"Patani",2014,68,62,72,3,"Thailand","800","","","","800","800","3","23,1",423,2014
423,"888","Thailand","Government of Thailand","147","","Patani insurgents","365","",1,"Patani",2015,57,56,57,3,"Thailand","800","","","","800","800","3","23,1",423,2015
423,"888","Thailand","Government of Thailand","147","","Patani insurgents","365","",1,"Patani",2016,50,49,50,3,"Thailand","800","","","","800","800","3","23,1",423,2016
423,"888","Thailand","Government of Thailand","147","","Patani insurgents","365","",1,"Patani",2017,43,43,43,3,"Thailand","800","","","","800","800","3","23,1",423,2017
423,"888","Thailand","Government of Thailand","147","","Patani insurgents","365","",1,"Patani",2018,36,27,36,3,"Thailand","800","","","","800","800","3","23,1",423,2018
423,"888","Thailand","Government of Thailand","147","","Patani insurgents","365","",1,"Patani",2019,55,54,55,3,"Thailand","800","","","","800","800","3","23,1",423,2019
423,"888","Thailand","Government of Thailand","147","","Patani insurgents","365","",1,"Patani",2020,46,38,47,3,"Thailand","800","","","","800","800","3","23,1",423,2020
423,"888","Thailand","Government of Thailand","147","","Patani insurgents","365","",1,"Patani",2021,38,30,38,3,"Thailand","800","","","","800","800","3","23,1",423,2021
423,"888","Thailand","Government of Thailand","147","","Patani insurgents","365","",1,"Patani",2022,30,26,31,3,"Thailand","800","","","","800","800","3","23,1",423,2022
424,"889","Nigeria","Government of Nigeria","84","","Ahlul Sunnah Jamaa","559","",1,"Northern Nigeria",2004,84,84,91,3,"Nigeria","475","","","","475","475","4","23,1",424,2004
14333,"14747","Tunisia","Government of Tunisia","110","","IS","234","",1,"Islamic State",2016,71,71,72,3,"Tunisia","616","","","","616","616","4","23,1",14333,2016
425,"890","Nigeria","Government of Nigeria","84","","NDPVF","560","",1,"Niger Delta",2004,67,67,137,3,"Nigeria","475","","","","475","475","4","23,1",425,2004
15283,"12391","Central African Republic","Government of Central African Republic","86","Government of Bolivia, Government of Djibouti, Government of Ghana, Government of Senegal, Government of Brazil, Government of Jordan, Government of Indonesia, Government of Zambia, Government of Serbia (Yugoslavia), Government of Egypt, Government of Benin, Government of Ivory Coast, Government of France, Government of Tunisia, Government of Cambodia (Kampuchea), Government of Burundi, Government of Thailand, Government of Togo, Government of Romania, Government of Sri Lanka, Government of Madagascar, Government of DR Congo (Zaire), Government of Niger, Government of Guatemala, Government of Moldova, Government of Tanzania, Government of Bangladesh, Government of Mauritania, Government of Nepal, Government of Turkey, Government of Vietnam (North Vietnam), Government of Nigeria, Government of Rwanda, Government of Cameroon, Government of Congo, Government of United States of America, Government of Guinea, Government of Bhutan, Government of Burkina Faso, Government of Hungary, Government of Gambia, Government of Kenya, Government of Mali, Government of Paraguay, Government of Yemen (North Yemen), Government of Gabon, Government of Pakistan, Government of Peru, Government of Morocco","FPRC","4007","",1,"Logone",2015,27,27,27,4,"Central African Republic","482","501, 490, 439, 516, 345, 600, 816, 510, 760, 678, 420, 461, 150, 481, 811, 771, 475, 135, 484, 145, 438, 640, 471, 580, 433, 663, 452, 437, 651, 435, 310, 616, 522, 140, 434, 436, 770, 517, 790, 800, 551, 90, 359, 432, 780, 2, 220, 360, 850","","","482","482","4","23,1",15283,2015
429,"894","DR Congo (Zaire)","Government of DR Congo (Zaire)","89","","BDK","561","",1,"Kongo Kingdom",2008,250,250,293,3,"DR Congo (Zaire)","490","","","","490","490","4","23,1",429,2008
429,"894","DR Congo (Zaire)","Government of DR Congo (Zaire)","89","Government of Tanzania, Government of South Africa, Government of Malawi","BDK","561","",1,"Kongo Kingdom",2017,86,86,90,4,"DR Congo (Zaire)","490","553, 560, 510","","","490","490","4","23,1",429,2017
429,"894","DR Congo (Zaire)","Government of DR Congo (Zaire)","89","Government of Tanzania, Government of South Africa, Government of Malawi","BDK","561","",1,"Kongo Kingdom",2020,64,60,64,4,"DR Congo (Zaire)","490","553, 560, 510","","","490","490","4","23,1",429,2020
429,"894","DR Congo (Zaire)","Government of DR Congo (Zaire)","89","","BDK","561","",1,"Kongo Kingdom",2007,116,116,116,3,"DR Congo (Zaire)","490","","","","490","490","4","23,1",429,2007
430,"15174","Niger","Government of Niger","75","Government of Burkina Faso, Government of United States of America, Government of France, Government of Chad","JNIM","6716","",2,"",2021,76,17,82,4,"Niger","436","439, 2, 483, 220","","","436","436","4","23,1",430,2021
430,"15174","Niger","Government of Niger","75","Government of Burkina Faso, Government of France, Government of Benin","JNIM","6716","",2,"",2022,165,109,183,4,"Niger","436","434, 220, 439","","","436","436","4","23,1",430,2022
430,"895","Niger","Government of Niger","75","","FLAA","524","",2,"",1991,40,40,150,3,"Niger","436","","","","436","436","4","23,1",430,1991
430,"895","Niger","Government of Niger","75","","FLAA","524","",2,"",1992,29,29,29,3,"Niger","436","","","","436","436","4","23,1",430,1992
430,"896","Niger","Government of Niger","75","","UFRA","526","",2,"",1997,62,62,62,3,"Niger","436","","","","436","436","4","23,1",430,1997
430,"897","Niger","Government of Niger","75","","MNJ","562","",2,"",2007,81,81,97,3,"Niger","436","","","","436","436","4","23,1",430,2007
430,"897","Niger","Government of Niger","75","","MNJ","562","",2,"",2008,47,47,104,3,"Niger","436","","","","436","436","4","23,1",430,2008
432,"899","Russia (Soviet Union)","Government of Russia (Soviet Union)","57","","Forces of the Caucasus Emirate","367","",1,"Caucasus Emirate",2007,30,30,56,3,"Russia (Soviet Union)","365","","","","365","365","1","23,1",432,2007
432,"899","Russia (Soviet Union)","Government of Russia (Soviet Union)","57","","Forces of the Caucasus Emirate","367","",1,"Caucasus Emirate",2008,404,279,453,3,"Russia (Soviet Union)","365","","","","365","365","1","23,1",432,2008
432,"899","Russia (Soviet Union)","Government of Russia (Soviet Union)","57","","Forces of the Caucasus Emirate","367","",1,"Caucasus Emirate",2009,696,551,779,3,"Russia (Soviet Union)","365","","","","365","365","1","23,1",432,2009
432,"899","Russia (Soviet Union)","Government of Russia (Soviet Union)","57","","Forces of the Caucasus Emirate","367","",1,"Caucasus Emirate",2010,418,409,634,3,"Russia (Soviet Union)","365","","","","365","365","1","23,1",432,2010
432,"899","Russia (Soviet Union)","Government of Russia (Soviet Union)","57","","Forces of the Caucasus Emirate","367","",1,"Caucasus Emirate",2011,359,358,518,3,"Russia (Soviet Union), Turkey","365","","","","365","640, 365","1","23,1",432,2011
432,"899","Russia (Soviet Union)","Government of Russia (Soviet Union)","57","","Forces of the Caucasus Emirate","367","",1,"Caucasus Emirate",2012,516,514,723,3,"Russia (Soviet Union)","365","","","","365","365","1","23,1",432,2012
432,"899","Russia (Soviet Union)","Government of Russia (Soviet Union)","57","","Forces of the Caucasus Emirate","367","",1,"Caucasus Emirate",2013,321,286,535,3,"Russia (Soviet Union)","365","","","","365","365","1","23,1",432,2013
432,"899","Russia (Soviet Union)","Government of Russia (Soviet Union)","57","","Forces of the Caucasus Emirate","367","",1,"Caucasus Emirate",2014,173,173,301,3,"Russia (Soviet Union)","365","","","","365","365","1","23,1",432,2014
432,"899","Russia (Soviet Union)","Government of Russia (Soviet Union)","57","","Forces of the Caucasus Emirate","367","",1,"Caucasus Emirate",2015,30,23,33,3,"Syria, Russia (Soviet Union)","365","","","","365","652, 365","1","23,1",432,2015
434,"901","India","Government of India","141","","PULF","369","",1,"Islamic State",2008,25,25,25,3,"India","750","","","","750","750","3","23,1",434,2008
435,"902","Djibouti, Eritrea","Government of Djibouti","96","","Government of Eritrea","98","",1,"Common border",2008,35,35,44,2,"Djibouti","522","","531","","531, 522","522","4","23,1",435,2008
439,"906","Myanmar (Burma)","Government of Myanmar (Burma)","144","","MNDAA","880","",1,"Kokang",2017,35,35,49,3,"Myanmar (Burma)","775","","","","775","775","3","23,1",439,2017
439,"906","Myanmar (Burma)","Government of Myanmar (Burma)","144","","MNDAA","880","",1,"Kokang",2021,71,71,337,3,"Myanmar (Burma)","775","","","","775","775","3","23,1",439,2021
439,"906","Myanmar (Burma)","Government of Myanmar (Burma)","144","","MNDAA","880","",1,"Kokang",2009,80,80,270,3,"Myanmar (Burma), China","775","","","","775","775, 710","3","23,1",439,2009
439,"906","Myanmar (Burma)","Government of Myanmar (Burma)","144","","MNDAA","880","",1,"Kokang",2014,67,7,107,3,"Myanmar (Burma)","775","","","","775","775","3","23,1",439,2014
439,"906","Myanmar (Burma)","Government of Myanmar (Burma)","144","","MNDAA","880","",1,"Kokang",2015,309,307,2448,3,"Myanmar (Burma), China","775","","","","775","775, 710","3","23,1",439,2015
442,"909","Mauritania","Government of Mauritania","74","Government of France","AQIM","539","",2,"",2010,29,27,41,4,"Mali, Mauritania","435","220","","","435","432, 435","4","23,1",442,2010
13243,"14117","Russia (Soviet Union), Ukraine","Government of Russia (Soviet Union)","57","","Government of Ukraine","61","",3,"",2022,81517,57717,160778,2,"Poland, Russia (Soviet Union), Ukraine","365","","369","","369, 365","290, 369, 365","1","23,1",13243,2022
14268,"14895","Iran","Government of Iran","114","","IS","234","",1,"Islamic State",2017,27,27,27,3,"Iran","630","","","","630","630","2","23,1",14268,2017
13246,"14124","Ukraine","Government of Ukraine","61","","DPR","5840","Government of Russia (Soviet Union)",1,"Donetsk",2014,2269,2195,2644,4,"Ukraine","369","","","365","369","369","1","23,1",13246,2014
13247,"14184","Ukraine","Government of Ukraine","61","","LPR","5839","Government of Russia (Soviet Union)",1,"Lugansk",2014,1071,1048,1380,4,"Russia (Soviet Union), Ukraine","369","","","365","369","369, 365","1","23,1",13247,2014
14275,"15473","Philippines","Government of Philippines","154","","IS","234","",1,"Islamic State",2016,155,90,177,3,"Philippines","840","","","","840","840","3","23,1",14275,2016
14275,"15473","Philippines","Government of Philippines","154","","IS","234","",1,"Islamic State",2017,1363,1336,1435,3,"Philippines","840","","","","840","840","3","23,1",14275,2017
14275,"15473","Philippines","Government of Philippines","154","","IS","234","",1,"Islamic State",2018,193,159,198,3,"Philippines","840","","","","840","840","3","23,1",14275,2018
14275,"15473","Philippines","Government of Philippines","154","","IS","234","",1,"Islamic State",2019,136,125,140,3,"Philippines","840","","","","840","840","3","23,1",14275,2019
14275,"15473","Philippines","Government of Philippines","154","","IS","234","",1,"Islamic State",2020,75,74,75,3,"Philippines","840","","","","840","840","3","23,1",14275,2020
14275,"15473","Philippines","Government of Philippines","154","","IS","234","",1,"Islamic State",2021,71,71,71,3,"Philippines","840","","","","840","840","3","23,1",14275,2021
14275,"15473","Philippines","Government of Philippines","154","","IS","234","",1,"Islamic State",2022,41,41,41,3,"Philippines","840","","","","840","840","3","23,1",14275,2022
13809,"14784","Syria","Government of Syria","118","","SDF","6288","",3,"",2016,152,145,154,3,"Syria","652","","","","652","652","2","23,1",13809,2016
13809,"14784","Syria","Government of Syria","118","","SDF","6288","",3,"",2018,35,35,87,3,"Syria","652","","","","652","652","2","23,1",13809,2018
13306,"15101, 15100","Ukraine","Government of Ukraine","61","","LPR, DPR","6711, 6712","Government of Russia (Soviet Union)",1,"Novorossiya",2016,254,243,293,4,"Ukraine","369","","","365","369","369","1","23,1",13306,2016
13306,"15101, 15100","Ukraine","Government of Ukraine","61","","LPR, DPR","6711, 6712","Government of Russia (Soviet Union)",1,"Novorossiya",2017,415,399,465,4,"Ukraine","369","","","365","369","369","1","23,1",13306,2017
13306,"15101, 15100","Ukraine","Government of Ukraine","61","","LPR, DPR","6711, 6712","Government of Russia (Soviet Union)",1,"Novorossiya",2018,243,168,257,4,"Ukraine","369","","","365","369","369","1","23,1",13306,2018
13306,"15101, 15100","Ukraine","Government of Ukraine","61","","LPR, DPR","6711, 6712","Government of Russia (Soviet Union)",1,"Novorossiya",2019,311,259,311,4,"Ukraine","369","","","365","369","369","1","23,1",13306,2019
13306,"15101, 15100","Ukraine","Government of Ukraine","61","","LPR, DPR","6711, 6712","Government of Russia (Soviet Union)",1,"Novorossiya",2020,196,113,257,4,"Ukraine","369","","","365","369","369","1","23,1",13306,2020
13306,"15101, 15100","Ukraine","Government of Ukraine","61","","LPR, DPR","6711, 6712","Government of Russia (Soviet Union)",1,"Novorossiya",2021,208,174,220,4,"Ukraine","369","","","365","369","369","1","23,1",13306,2021
13306,"15100","Ukraine","Government of Ukraine","61","","DPR","6711","Government of Russia (Soviet Union)",1,"Novorossiya",2022,29,26,33,4,"Ukraine","369","","","365","369","369","1","23,1",13306,2022
13306,"14210","Ukraine","Government of Ukraine","61","","United Armed Forces of Novorossiya","5914","Government of Russia (Soviet Union)",1,"Novorossiya",2014,1459,1435,1497,4,"Ukraine","369","","","365","369","369","1","23,1",13306,2014
13306,"14210, 15101, 15100","Ukraine","Government of Ukraine","61","","LPR, DPR, United Armed Forces of Novorossiya","6711, 5914, 6712","Government of Russia (Soviet Union)",1,"Novorossiya",2015,1786,1696,1843,4,"Ukraine","369","","","365","369","369","1","23,1",13306,2015
14845,"16022","Mozambique","Government of Mozambique","100","","IS","234","",1,"Islamic State",2019,194,168,218,3,"Mozambique","541","","","","541","541","4","23,1",14845,2019
14845,"16022","Mozambique","Government of Mozambique","100","","IS","234","",1,"Islamic State",2020,937,645,1259,3,"Mozambique","541","","","","541","541","4","23,1",14845,2020
14845,"16022","Mozambique","Government of Mozambique","100","Government of Tanzania, Government of Botswana, Government of South Africa, Government of Angola, Government of Rwanda, Government of Lesotho, Government of Malawi, Government of DR Congo (Zaire), Government of Zambia","IS","234","",1,"Islamic State",2021,715,536,1037,4,"Mozambique","541","551, 490, 560, 540, 510, 571, 553, 517, 570","","","541","541","4","23,1",14845,2021
14845,"16022","Mozambique","Government of Mozambique","100","Government of Tanzania, Government of Botswana, Government of South Africa, Government of Angola, Government of Rwanda, Government of Lesotho, Government of Malawi, Government of DR Congo (Zaire), Government of Zambia","IS","234","",1,"Islamic State",2022,373,210,588,4,"Mozambique","541","551, 490, 560, 540, 510, 571, 553, 517, 570","","","541","541","4","23,1",14845,2022
